,Id,LotFrontage,LotArea,OverallQual,YearBuilt,ExterQual,BsmtQual,TotalBsmtSF,GrLivArea,AllBathNum,TotRmsAbvGrd,SalePrice
0,1,65.0,8450,7,2003,Gd,Gd,856,1710,3.5,8,208500
1,2,80.0,9600,6,1976,TA,Gd,1262,1262,2.5,6,181500
2,3,68.0,11250,7,2001,Gd,Gd,920,1786,3.5,6,223500
3,4,60.0,9550,7,1915,TA,TA,756,1717,2.0,7,140000
4,5,84.0,14260,8,2000,Gd,Gd,1145,2198,3.5,9,250000
5,6,85.0,14115,5,1993,TA,Gd,796,1362,2.5,5,143000
6,7,75.0,10084,8,2004,Gd,Ex,1686,1694,3.0,7,307000
7,8,70.04995836802665,10382,7,1973,TA,Gd,1107,2090,3.5,7,200000
8,9,51.0,6120,7,1931,TA,TA,952,1774,2.0,8,129900
9,10,50.0,7420,5,1939,TA,TA,991,1077,2.0,5,118000
10,11,70.0,11200,5,1965,TA,TA,1040,1040,2.0,5,129500
11,12,85.0,11924,9,2005,Ex,Ex,1175,2324,4.0,11,345000
12,13,70.04995836802665,12968,5,1962,TA,TA,912,912,2.0,4,144000
13,14,91.0,10652,7,2006,Gd,Gd,1494,1494,2.0,7,279500
14,15,70.04995836802665,10920,6,1960,TA,TA,1253,1253,2.5,5,157000
15,16,51.0,6120,7,1929,TA,TA,832,854,1.0,5,132000
16,17,70.04995836802665,11241,6,1970,TA,TA,1004,1004,2.0,5,149000
17,18,72.0,10791,4,1967,TA,,0,1296,2.0,6,90000
18,19,66.0,13695,5,2004,TA,TA,1114,1114,2.5,6,159000
19,20,70.0,7560,5,1958,TA,TA,1029,1339,1.0,6,139000
20,21,101.0,14215,8,2005,Gd,Ex,1158,2376,3.5,9,325300
21,22,57.0,7449,7,1930,TA,TA,637,1108,1.0,6,139400
22,23,75.0,9742,8,2002,Gd,Gd,1777,1795,2.0,7,230000
23,24,44.0,4224,5,1976,TA,Gd,1040,1060,2.0,6,129900
24,25,70.04995836802665,8246,5,1968,TA,TA,1060,1060,2.0,6,154000
25,26,110.0,14230,8,2007,Gd,Gd,1566,1600,2.0,7,256300
26,27,60.0,7200,5,1951,TA,TA,900,900,1.5,5,134800
27,28,98.0,11478,8,2007,Gd,Ex,1704,1704,3.0,7,306000
28,29,47.0,16321,5,1957,TA,TA,1484,1600,2.0,6,207500
29,30,60.0,6324,4,1927,TA,TA,520,520,1.0,4,68500
30,31,50.0,8500,4,1920,TA,TA,649,1317,1.0,6,40000
31,32,70.04995836802665,8544,5,1966,TA,TA,1228,1228,1.5,6,149350
32,33,85.0,11049,8,2007,Gd,Ex,1234,1234,2.0,7,179900
33,34,70.0,10552,5,1959,TA,TA,1398,1700,2.0,6,165500
34,35,60.0,7313,9,2005,Ex,Ex,1561,1561,3.0,6,277500
35,36,108.0,13418,8,2004,Gd,Ex,1117,2452,3.5,9,309000
36,37,112.0,10859,5,1994,TA,Gd,1097,1097,1.5,6,145000
37,38,74.0,8532,5,1954,TA,TA,1297,1297,1.5,5,153000
38,39,68.0,7922,5,1953,TA,TA,1057,1057,2.0,5,109000
39,40,65.0,6040,4,1955,TA,,0,1152,2.0,6,82000
40,41,84.0,8658,6,1965,TA,TA,1088,1324,2.0,6,160000
41,42,115.0,16905,5,1959,TA,TA,1350,1328,2.0,5,170000
42,43,70.04995836802665,9180,5,1983,TA,Gd,840,884,2.0,5,144000
43,44,70.04995836802665,9200,5,1975,TA,Gd,938,938,2.0,5,130250
44,45,70.0,7945,5,1959,TA,TA,1150,1150,2.0,6,141000
45,46,61.0,7658,9,2005,Ex,Ex,1752,1752,3.0,6,319900
46,47,48.0,12822,7,2003,Gd,Ex,1434,2149,2.5,6,239686
47,48,84.0,11096,8,2006,Gd,Gd,1656,1656,2.0,7,249700
48,49,33.0,4456,4,1920,TA,TA,736,1452,2.0,8,113000
49,50,66.0,7742,5,1966,TA,TA,955,955,2.0,6,127000
50,51,70.04995836802665,13869,6,1997,TA,Gd,794,1470,2.5,6,177000
51,52,52.0,6240,6,1934,TA,TA,816,1176,1.0,6,114500
52,53,110.0,8472,5,1963,Fa,Gd,816,816,2.0,5,110000
53,54,68.0,50271,9,1981,Gd,Ex,1842,1842,2.5,5,385000
54,55,60.0,7134,5,1955,TA,TA,384,1360,1.0,6,130000
55,56,100.0,10175,6,1964,TA,TA,1425,1425,2.0,7,180500
56,57,24.0,2645,8,1999,Gd,Gd,970,1739,3.5,7,172500
57,58,89.0,11645,7,2004,Gd,Gd,860,1720,2.5,7,196500
58,59,66.0,13682,10,2006,Ex,Ex,1410,2945,3.5,10,438780
59,60,60.0,7200,5,1972,TA,TA,780,780,1.0,4,124900
60,61,63.0,13072,6,2004,TA,Gd,1158,1158,2.5,5,158000
61,62,60.0,7200,5,1920,TA,TA,530,1111,1.0,6,101000
62,63,44.0,6442,8,2006,Gd,Gd,1370,1370,2.0,6,202500
63,64,50.0,10300,7,1921,TA,TA,576,1710,2.0,9,140000
64,65,70.04995836802665,9375,7,1997,TA,Gd,1057,2034,3.5,8,219500
65,66,76.0,9591,8,2004,Gd,Ex,1143,2473,2.5,9,317000
66,67,70.04995836802665,19900,7,1970,TA,Gd,1947,2207,3.0,7,180000
67,68,72.0,10665,7,2003,Gd,Gd,1453,1479,3.0,7,226000
68,69,47.0,4608,4,1945,TA,TA,747,747,1.0,4,80000
69,70,81.0,15593,7,1953,Gd,TA,1304,2287,2.0,7,225000
70,71,95.0,13651,7,1973,TA,Gd,2223,2223,3.0,8,244000
71,72,69.0,7599,4,1982,TA,TA,845,845,2.0,4,129500
72,73,74.0,10141,7,1998,TA,Gd,832,1718,2.5,7,185000
73,74,85.0,10200,5,1954,TA,TA,1086,1086,2.0,6,144900
74,75,60.0,5790,3,1915,Gd,Fa,840,1605,2.0,8,107400
75,76,21.0,1596,4,1973,TA,Gd,462,988,2.0,5,91000
76,77,70.04995836802665,8475,4,1956,TA,TA,952,952,1.0,4,135750
77,78,50.0,8635,5,1948,TA,TA,672,1285,2.0,6,127000
78,79,72.0,10778,4,1968,TA,TA,1768,1768,2.0,8,136500
79,80,60.0,10440,5,1910,TA,TA,440,1230,1.5,5,110000
80,81,100.0,13000,6,1968,TA,Gd,896,2142,2.5,8,193500
81,82,32.0,4500,6,1998,TA,Ex,1237,1337,3.0,5,153500
82,83,78.0,10206,8,2007,TA,Gd,1563,1563,2.0,6,245000
83,84,80.0,8892,5,1960,TA,TA,1065,1065,1.5,6,126500
84,85,70.04995836802665,8530,7,1995,TA,Gd,384,1474,2.5,7,168500
85,86,121.0,16059,8,1991,Gd,Gd,1288,2417,2.5,9,260000
86,87,122.0,11911,6,2005,Gd,Gd,684,1560,2.5,6,174000
87,88,40.0,3951,6,2009,Gd,Gd,612,1224,2.5,4,164500
88,89,105.0,8470,3,1915,Fa,TA,1013,1526,1.0,6,85000
89,90,60.0,8070,4,1994,TA,Gd,990,990,2.0,5,123600
90,91,60.0,7200,4,1950,TA,,0,1040,1.0,4,109900
91,92,85.0,8500,5,1961,TA,TA,1235,1235,1.0,6,98600
92,93,80.0,13360,5,1921,TA,Gd,876,964,2.0,5,163500
93,94,60.0,7200,6,1910,TA,TA,1214,2291,2.5,9,133900
94,95,69.0,9337,6,1997,TA,Gd,824,1786,3.5,7,204750
95,96,70.04995836802665,9765,6,1993,Ex,Gd,680,1470,2.5,6,185000
96,97,78.0,10264,7,1999,Gd,Gd,1588,1588,2.0,6,214000
97,98,73.0,10921,4,1965,TA,TA,960,960,2.0,6,94750
98,99,85.0,10625,5,1920,TA,TA,458,835,1.0,5,83000
99,100,77.0,9320,4,1959,TA,TA,950,1225,2.5,6,128950
100,101,70.04995836802665,10603,6,1977,TA,TA,1610,1610,3.0,6,205000
101,102,77.0,9206,6,1985,Gd,Gd,741,1732,2.5,7,178000
102,103,64.0,7018,5,1979,TA,,0,1535,2.0,8,118964
103,104,94.0,10402,7,2009,TA,Gd,1226,1226,2.0,6,198900
104,105,70.04995836802665,7758,7,1931,TA,TA,1040,1818,1.5,7,169500
105,106,75.0,9375,8,2003,Gd,Ex,1053,1992,2.5,9,250000
106,107,60.0,10800,4,1885,TA,Fa,641,1047,1.0,6,100000
107,108,50.0,6000,5,1948,TA,TA,789,789,1.0,5,115000
108,109,85.0,8500,5,1919,TA,TA,793,1517,2.0,7,115000
109,110,105.0,11751,6,1977,TA,Gd,1844,1844,2.0,7,190000
110,111,75.0,9525,6,1954,TA,TA,994,1855,2.0,7,136900
111,112,70.04995836802665,7750,7,2000,TA,Gd,384,1430,2.5,7,180000
112,113,77.0,9965,7,2007,Gd,Ex,1264,2696,3.5,10,383970
113,114,70.04995836802665,21000,6,1953,TA,Gd,1809,2259,3.0,7,217000
114,115,61.0,7259,6,1945,TA,TA,1028,2320,3.5,9,259500
115,116,34.0,3230,6,1999,TA,Gd,729,1458,2.5,5,176000
116,117,70.04995836802665,11616,5,1962,TA,TA,1092,1092,1.5,6,139000
117,118,74.0,8536,5,2006,TA,Gd,1125,1125,1.5,5,155000
118,119,90.0,12376,7,1990,TA,Gd,1673,3222,4.0,11,320000
119,120,65.0,8461,6,2005,Gd,Gd,728,1456,2.5,8,163990
120,121,70.04995836802665,21453,6,1969,TA,TA,938,988,2.0,4,180000
121,122,50.0,6060,4,1939,TA,TA,732,1123,1.0,4,100000
122,123,75.0,9464,6,1958,TA,TA,1080,1080,1.0,5,136000
123,124,55.0,7892,6,1993,Gd,Gd,1199,1199,2.0,5,153900
124,125,48.0,17043,6,1979,TA,Gd,1362,1586,2.0,7,181000
125,126,60.0,6780,6,1935,TA,TA,520,754,2.0,5,84500
126,127,70.04995836802665,4928,6,1976,TA,Gd,1078,958,2.0,5,128000
127,128,55.0,4388,5,1930,TA,TA,672,840,1.0,5,87000
128,129,69.0,7590,6,1966,TA,TA,660,1348,1.5,6,155000
129,130,69.0,8973,5,1958,TA,TA,1008,1053,2.0,6,150000
130,131,88.0,14200,7,1966,TA,TA,924,2157,2.5,8,226000
131,132,70.04995836802665,12224,6,2000,Gd,Gd,992,2054,3.5,7,244000
132,133,75.0,7388,5,1959,TA,TA,1063,1327,2.0,7,150750
133,134,70.04995836802665,6853,8,2001,Gd,Ex,1267,1296,3.0,6,220000
134,135,78.0,10335,5,1968,TA,TA,1461,1721,2.5,7,180000
135,136,80.0,10400,7,1970,TA,TA,1304,1682,2.0,7,174000
136,137,70.04995836802665,10355,5,1967,TA,TA,1214,1214,2.0,5,143000
137,138,82.0,11070,7,1988,TA,TA,1907,1959,3.0,9,171000
138,139,73.0,9066,8,1999,Gd,Gd,1004,1852,2.5,7,230000
139,140,65.0,15426,6,1997,TA,Gd,928,1764,3.5,7,231500
140,141,70.0,10500,4,1971,TA,TA,864,864,1.0,5,115000
141,142,78.0,11645,7,2005,Gd,Gd,1734,1734,3.0,7,260000
142,143,71.0,8520,5,1952,TA,TA,910,1385,2.0,6,166000
143,144,78.0,10335,7,1999,Gd,Gd,1490,1501,3.0,6,204000
144,145,70.0,9100,5,1963,TA,TA,1728,1728,3.0,10,125000
145,146,24.0,2522,6,2004,Gd,Gd,970,1709,2.0,7,130000
146,147,51.0,6120,5,1931,TA,TA,715,875,2.0,5,105000
147,148,70.04995836802665,9505,7,2001,Gd,Gd,884,2035,2.5,8,222500
148,149,63.0,7500,7,2004,TA,Gd,1080,1080,2.0,6,141000
149,150,70.04995836802665,6240,5,1936,TA,Gd,896,1344,1.0,7,115000
150,151,120.0,10356,5,1975,TA,TA,969,969,1.5,5,122000
151,152,107.0,13891,8,2007,Gd,Ex,1710,1710,3.0,6,372402
152,153,70.04995836802665,14803,6,1971,TA,TA,825,1993,2.5,8,190000
153,154,70.04995836802665,13500,6,1960,TA,Gd,1602,1252,2.0,4,235000
154,155,84.0,11340,6,1923,TA,TA,1200,1200,1.0,7,125000
155,156,60.0,9600,6,1924,TA,TA,572,1096,1.0,5,79000
156,157,60.0,7200,5,1950,TA,,0,1040,1.0,5,109500
157,158,92.0,12003,8,2009,Gd,Ex,774,1968,2.5,8,269500
158,159,100.0,12552,7,2004,Gd,Gd,991,1947,2.5,8,254900
159,160,134.0,19378,7,2005,Gd,Gd,1392,2462,3.5,9,320000
160,161,70.04995836802665,11120,6,1984,TA,Gd,1232,1232,2.0,6,162500
161,162,110.0,13688,9,2003,Gd,Ex,1572,2668,3.5,10,412500
162,163,95.0,12182,7,2005,Gd,Gd,1541,1541,2.0,7,220000
163,164,55.0,5500,4,1956,TA,TA,882,882,1.0,4,103200
164,165,40.0,5400,6,1926,TA,TA,1149,1616,2.0,5,152000
165,166,62.0,10106,5,1940,TA,TA,644,1355,3.0,6,127500
166,167,70.04995836802665,10708,5,1955,Gd,TA,1617,1867,2.0,7,190000
167,168,86.0,10562,8,2007,Gd,Ex,1582,2161,2.5,8,325624
168,169,62.0,8244,7,2004,Gd,Gd,840,1720,2.5,7,183500
169,170,70.04995836802665,16669,8,1981,Gd,Gd,1686,1707,2.5,6,228000
170,171,70.04995836802665,12358,5,1941,TA,TA,720,1382,1.5,7,128500
171,172,141.0,31770,6,1960,TA,TA,1080,1656,2.0,7,215000
172,173,44.0,5306,7,1987,Gd,Gd,1064,1767,3.0,5,239000
173,174,80.0,10197,6,1961,TA,TA,1362,1362,2.5,6,163000
174,175,47.0,12416,6,1986,TA,Gd,1606,1651,3.0,7,184000
175,176,84.0,12615,6,1950,TA,TA,1202,2158,3.0,7,243000
176,177,97.0,10029,6,1988,Gd,Gd,1151,2060,3.0,8,211000
177,178,70.04995836802665,13650,5,1958,Gd,TA,1052,1920,3.0,8,172500
178,179,63.0,17423,9,2008,Ex,Ex,2216,2234,3.0,9,501837
179,180,60.0,8520,5,1923,Gd,TA,968,968,1.0,5,100000
180,181,70.04995836802665,2117,6,2000,Gd,Gd,756,1525,2.5,5,177000
181,182,54.0,7588,7,1920,TA,Fa,793,1802,1.5,9,200100
182,183,60.0,9060,5,1957,TA,,0,1340,1.0,7,120000
183,184,63.0,11426,7,2003,TA,Gd,1362,2082,2.5,6,200000
184,185,92.0,7438,5,1908,TA,Fa,504,1252,1.0,5,127000
185,186,90.0,22950,10,1892,Gd,TA,1107,3608,2.5,12,475000
186,187,70.04995836802665,9947,7,1990,TA,Gd,1188,1217,3.0,6,173000
187,188,60.0,10410,5,1916,TA,Fa,660,1656,2.5,8,135000
188,189,64.0,7018,5,1979,TA,Gd,1086,1224,3.0,6,153337
189,190,41.0,4923,8,2001,Gd,Ex,1593,1593,2.5,5,286000
190,191,70.0,10570,8,1932,Gd,Gd,853,2727,2.5,10,315000
191,192,70.04995836802665,7472,7,1972,TA,TA,725,1479,2.5,7,184000
192,193,68.0,9017,7,1999,Gd,Gd,1431,1431,3.0,6,192000
193,194,24.0,2522,7,2004,Gd,Gd,970,1709,2.0,7,130000
194,195,60.0,7180,5,1972,TA,TA,864,864,1.0,5,127000
195,196,24.0,2280,6,1976,TA,Gd,855,1456,2.5,7,148500
196,197,79.0,9416,7,2007,Ex,Ex,1726,1726,3.0,8,311872
197,198,174.0,25419,8,1918,Gd,TA,1360,3112,3.5,8,235000
198,199,92.0,5520,6,1912,TA,TA,755,2229,1.0,8,104000
199,200,76.0,9591,8,2004,Gd,Ex,1713,1713,3.0,7,274900
200,201,80.0,8546,4,2003,TA,Gd,1121,1121,2.0,5,140000
201,202,75.0,10125,6,1977,TA,TA,1196,1279,2.5,6,171500
202,203,50.0,7000,6,1924,TA,Fa,617,1310,2.0,6,112000
203,204,70.04995836802665,4438,6,2004,Gd,Gd,848,848,2.0,3,149000
204,205,50.0,3500,5,1947,TA,TA,720,1284,1.5,5,110000
205,206,99.0,11851,7,1990,TA,Gd,1424,1442,2.0,5,180500
206,207,40.0,13673,5,1962,TA,TA,1140,1696,1.5,8,143900
207,208,70.04995836802665,12493,4,1960,TA,TA,1100,1100,2.0,6,141000
208,209,70.04995836802665,14364,7,1988,Gd,Gd,1157,2062,3.5,7,277000
209,210,75.0,8250,6,1964,TA,Gd,1092,1092,2.0,6,145000
210,211,67.0,5604,5,1925,TA,TA,864,864,2.0,5,98000
211,212,83.0,10420,6,2009,TA,Gd,1212,1212,2.0,6,186000
212,213,72.0,8640,7,2009,TA,Gd,900,1852,3.5,7,252678
213,214,43.0,13568,5,1995,TA,Gd,990,990,1.5,5,156000
214,215,70.04995836802665,10900,6,1977,TA,Gd,689,1392,1.5,6,161750
215,216,72.0,10011,5,1957,TA,TA,1070,1236,1.5,6,134450
216,217,65.0,8450,7,2004,Gd,Gd,1436,1436,3.0,8,210000
217,218,57.0,9906,4,1925,TA,TA,686,1328,1.0,8,107000
218,219,70.04995836802665,15660,7,1939,Gd,TA,798,1954,2.0,8,311500
219,220,43.0,3010,7,2005,Gd,Gd,1248,1248,2.0,5,167240
220,221,73.0,8990,7,2006,Gd,Gd,1498,1498,2.0,5,204900
221,222,70.04995836802665,8068,6,2002,Gd,Gd,1010,2267,2.5,8,200000
222,223,85.0,11475,6,1975,TA,Gd,713,1552,3.5,6,179900
223,224,70.0,10500,4,1971,TA,TA,864,864,1.0,4,97000
224,225,103.0,13472,10,2003,Ex,Ex,2392,2392,2.0,8,386250
225,226,21.0,1680,5,1971,TA,TA,630,1302,2.5,6,112000
226,227,82.0,9950,7,1995,Gd,Gd,1203,2520,2.5,9,290000
227,228,21.0,1869,6,1970,TA,TA,483,987,1.5,5,106000
228,229,70.0,8521,5,1967,TA,TA,912,912,1.0,5,125000
229,230,43.0,3182,7,2005,Gd,Gd,1373,1555,2.0,7,192500
230,231,73.0,8760,6,1959,TA,TA,1194,1194,2.0,6,148000
231,232,174.0,15138,8,1995,Gd,Gd,1462,2794,3.5,9,403000
232,233,21.0,1680,6,1972,TA,TA,483,987,1.5,5,94500
233,234,75.0,10650,5,1976,TA,TA,894,894,2.0,5,128200
234,235,70.04995836802665,7851,6,2002,Gd,Gd,860,1960,3.5,8,216500
235,236,21.0,1680,6,1971,TA,TA,483,987,1.5,5,89500
236,237,65.0,8773,7,2004,Gd,Gd,1414,1414,2.0,6,185500
237,238,70.04995836802665,9453,7,1993,Gd,Gd,996,1744,2.5,7,194500
238,239,93.0,12030,8,2007,Ex,Ex,1694,1694,2.0,7,318000
239,240,52.0,8741,6,1945,TA,TA,735,1487,1.5,7,113000
240,241,75.0,9000,8,2008,Gd,Gd,1566,1566,3.0,7,262500
241,242,40.0,3880,5,1945,TA,TA,686,866,1.0,4,110500
242,243,63.0,5000,5,1900,TA,TA,540,1440,1.0,6,79000
243,244,75.0,10762,6,1980,TA,Gd,626,1217,1.5,6,120000
244,245,70.04995836802665,8880,7,1994,Gd,Gd,948,2110,3.5,8,205000
245,246,80.0,10400,7,1988,TA,Gd,1845,1872,2.5,6,241500
246,247,69.0,9142,6,1910,TA,Fa,1020,1928,2.0,9,137000
247,248,75.0,11310,6,1954,TA,TA,1367,1375,1.0,5,140000
248,249,72.0,11317,7,2003,Gd,Gd,840,1668,2.5,8,180000
249,250,70.04995836802665,159000,6,1958,Gd,Gd,1444,2144,2.5,7,277000
250,251,55.0,5350,3,1940,TA,TA,728,1306,1.0,6,76500
251,252,44.0,4750,8,2006,Gd,Gd,1573,1625,3.5,5,235000
252,253,65.0,8366,6,2004,Gd,Gd,798,1640,2.5,6,173000
253,254,85.0,9350,6,1964,TA,Gd,1302,1302,2.5,7,158000
254,255,70.0,8400,5,1957,TA,TA,1314,1314,2.0,5,145000
255,256,66.0,8738,7,1999,Gd,Gd,975,2291,2.5,8,230000
256,257,64.0,8791,6,2003,Gd,Gd,864,1728,2.5,7,207500
257,258,68.0,8814,7,2006,Gd,Gd,1604,1604,3.5,8,220000
258,259,80.0,12435,7,2001,Gd,Gd,963,1792,2.5,7,231500
259,260,70.0,12702,5,1956,TA,,0,882,1.0,4,97000
260,261,120.0,19296,6,1962,TA,TA,1362,1382,2.0,6,176000
261,262,69.0,9588,8,2007,Gd,Ex,1482,2574,2.5,10,276000
262,263,88.0,8471,6,1977,TA,Gd,506,1212,2.0,6,151000
263,264,50.0,5500,5,1929,TA,TA,926,1316,2.0,6,130000
264,265,30.0,5232,5,1925,TA,Fa,680,764,1.0,4,73000
265,266,78.0,12090,6,1981,TA,Gd,1422,1422,2.0,7,175500
266,267,70.0,11207,6,1997,TA,Gd,802,1511,3.5,8,185000
267,268,60.0,8400,5,1939,TA,TA,720,2192,2.5,8,179500
268,269,71.0,6900,5,1940,TA,TA,740,778,1.0,4,120500
269,270,70.04995836802665,7917,6,1976,TA,TA,1143,1113,2.5,6,148000
270,271,84.0,10728,8,2006,Gd,Gd,1095,1939,2.5,8,266000
271,272,73.0,39104,7,1954,TA,Gd,1385,1363,2.0,5,241500
272,273,92.0,11764,8,1999,Gd,Gd,1152,2270,2.5,9,290000
273,274,80.0,9600,6,1958,TA,TA,1240,1632,3.0,6,139000
274,275,76.0,8314,5,1982,TA,TA,816,816,1.0,5,124500
275,276,55.0,7264,7,1925,Gd,TA,952,1548,2.5,5,205000
276,277,129.0,9196,7,2003,Gd,Ex,1560,1560,2.0,7,201000
277,278,140.0,19138,4,1951,TA,TA,864,864,1.0,4,141000
278,279,107.0,14450,9,2006,Ex,Ex,2121,2121,2.5,8,415298
279,280,83.0,10005,7,1977,TA,Gd,1160,2022,2.5,8,192000
280,281,82.0,11287,7,1989,Gd,Gd,807,1982,2.5,7,228500
281,282,60.0,7200,6,2006,Gd,Gd,1262,1262,2.0,5,185000
282,283,34.0,5063,7,2007,Gd,Gd,1314,1314,3.0,6,207500
283,284,74.0,9612,8,2008,Gd,Gd,1468,1468,2.0,6,244600
284,285,50.0,8012,6,1992,Gd,Gd,1575,1575,3.0,5,179200
285,286,35.0,4251,7,2006,Gd,Gd,625,1250,2.5,5,164700
286,287,77.0,9786,6,1962,TA,TA,912,1734,1.5,7,159000
287,288,70.04995836802665,8125,4,1971,TA,TA,858,858,1.0,5,88000
288,289,70.04995836802665,9819,5,1967,TA,TA,882,900,1.0,5,122000
289,290,60.0,8730,6,1915,TA,TA,698,1396,1.0,7,153575
290,291,120.0,15611,8,2006,Gd,Gd,1079,1919,2.5,8,233230
291,292,55.0,5687,5,1912,TA,TA,780,1716,3.0,9,135900
292,293,60.0,11409,5,1949,TA,TA,768,1716,1.5,8,131000
293,294,70.04995836802665,16659,7,1977,TA,TA,795,2263,3.5,9,235000
294,295,80.0,9600,6,1953,TA,TA,1416,1644,2.0,7,167000
295,296,37.0,7937,6,1984,TA,TA,1003,1003,2.0,6,142500
296,297,75.0,13710,5,1950,TA,TA,910,1558,1.5,6,152000
297,298,66.0,7399,7,1997,Gd,Gd,975,1950,2.5,7,239000
298,299,90.0,11700,6,1968,Gd,TA,702,1743,2.5,7,175000
299,300,80.0,14000,6,1950,TA,TA,1092,1152,1.5,6,158500
300,301,90.0,15750,5,1953,TA,TA,1165,1336,2.0,5,157000
301,302,66.0,16226,8,1998,Gd,Gd,1028,2452,2.5,9,267000
302,303,118.0,13704,7,2001,Gd,Gd,1541,1541,2.0,6,205000
303,304,70.0,9800,5,1972,TA,TA,894,894,2.0,5,149900
304,305,87.0,18386,7,1880,TA,TA,1470,3493,3.0,10,295000
305,306,80.0,10386,8,2004,Gd,Gd,2000,2000,3.0,8,305900
306,307,116.0,13474,7,1990,Gd,Gd,700,2243,3.5,8,225000
307,308,70.04995836802665,7920,6,1920,TA,TA,319,1406,1.0,6,89500
308,309,70.04995836802665,12342,4,1940,TA,TA,861,861,1.0,4,82500
309,310,90.0,12378,9,2003,Gd,Ex,1896,1944,3.0,8,360000
310,311,70.04995836802665,7685,6,1993,TA,Gd,697,1501,2.5,6,165600
311,312,50.0,8000,6,1948,TA,TA,972,972,2.0,5,132000
312,313,65.0,7800,5,1939,TA,Gd,793,1118,2.0,5,119900
313,314,150.0,215245,7,1965,TA,Gd,2136,2036,4.0,8,375000
314,315,60.0,9600,7,1925,TA,TA,728,1641,2.0,6,178000
315,316,71.0,7795,7,2004,Gd,Gd,716,1432,3.5,6,188500
316,317,94.0,13005,7,1980,Gd,Gd,845,2353,3.5,10,260000
317,318,75.0,9000,8,2006,Gd,Gd,1088,1959,2.5,8,270000
318,319,90.0,9900,7,1993,Gd,Gd,1347,2646,3.5,9,260000
319,320,70.04995836802665,14115,7,1980,TA,Gd,1372,1472,3.0,6,187500
320,321,111.0,16259,9,2006,TA,Ex,1249,2596,3.5,9,342643
321,322,99.0,12099,8,2004,Gd,Ex,1136,2468,3.5,10,354000
322,323,86.0,10380,7,1986,Gd,TA,1502,2730,3.5,8,301000
323,324,49.0,5820,3,1955,TA,TA,1162,1163,2.0,6,126175
324,325,96.0,11275,7,1967,Gd,Gd,710,2978,2.5,11,242000
325,326,50.0,5000,5,1941,TA,TA,720,803,1.0,5,87000
326,327,32.0,10846,8,1993,Gd,Gd,1719,1719,3.5,6,324000
327,328,80.0,11600,6,1960,TA,TA,1383,1383,1.5,7,145250
328,329,70.04995836802665,11888,6,1916,TA,TA,844,2134,2.0,10,214500
329,330,60.0,6402,5,1920,TA,TA,596,1192,1.0,6,78000
330,331,70.04995836802665,10624,5,1964,TA,TA,1728,1728,2.5,10,119000
331,332,70.0,8176,5,1958,TA,TA,1056,1056,2.0,6,139000
332,333,85.0,10655,8,2003,Gd,Gd,3206,1629,3.0,7,284000
333,334,59.0,8198,7,2004,Gd,Gd,1358,1358,3.0,6,207000
334,335,59.0,9042,6,1998,TA,Gd,943,1638,3.5,7,192000
335,336,70.04995836802665,164660,5,1965,TA,TA,1499,1786,4.0,7,228950
336,337,86.0,14157,9,2005,Gd,Ex,1922,1922,3.0,8,377426
337,338,70.0,9135,7,2002,Gd,Gd,1536,1536,3.0,7,214000
338,339,91.0,14145,7,1984,Gd,Gd,1208,1621,3.0,8,202500
339,340,66.0,12400,6,1958,TA,TA,1215,1215,1.0,6,155000
340,341,85.0,14191,8,2002,Gd,Gd,967,1908,2.5,9,202900
341,342,60.0,8400,4,1950,Fa,TA,721,841,1.0,4,82000
342,343,70.04995836802665,8544,3,1949,TA,,0,1040,2.0,6,87500
343,344,63.0,8849,9,2005,Ex,Ex,1684,1684,2.0,6,266000
344,345,36.0,2592,5,1976,TA,Gd,536,1112,1.5,4,85000
345,346,65.0,6435,6,1939,TA,TA,972,1577,1.0,6,140200
346,347,70.04995836802665,12772,6,1960,TA,TA,958,958,1.0,5,151500
347,348,70.04995836802665,17600,6,1960,TA,TA,1478,1478,3.0,6,157500
348,349,36.0,2448,7,2003,Gd,Gd,764,1626,3.5,6,154000
349,350,56.0,20431,9,2005,Ex,Ex,1848,2728,3.5,10,437154
350,351,68.0,7820,9,2007,Ex,Ex,1869,1869,2.0,6,318061
351,352,70.04995836802665,5271,7,1986,TA,Gd,1453,1453,2.5,6,190000
352,353,60.0,9084,5,1941,TA,TA,616,1111,1.5,5,95000
353,354,60.0,8520,6,1928,TA,TA,624,720,1.0,5,105900
354,355,60.0,8400,6,1940,TA,TA,940,1595,1.0,6,140000
355,356,105.0,11249,6,1995,Gd,Gd,1200,1200,3.0,6,177500
356,357,70.04995836802665,9248,6,1992,TA,Gd,1158,1167,3.0,6,173000
357,358,44.0,4224,5,1976,TA,Gd,1142,1142,2.5,6,134000
358,359,92.0,6930,5,1958,TA,TA,1062,1352,1.5,6,130000
359,360,78.0,12011,8,1998,Gd,Gd,1086,1924,3.5,7,280000
360,361,70.04995836802665,7540,6,1978,TA,Gd,888,912,2.0,5,156000
361,362,70.04995836802665,9144,5,1940,TA,TA,883,1505,2.0,8,145000
362,363,64.0,7301,7,2003,Gd,,0,1922,3.0,7,198500
363,364,21.0,1680,6,1972,TA,TA,483,987,1.5,5,118000
364,365,70.04995836802665,18800,6,1976,TA,Gd,796,1574,3.5,6,190000
365,366,59.0,10690,5,1920,TA,TA,672,1344,1.0,6,147000
366,367,70.04995836802665,9500,6,1963,TA,Gd,1394,1394,2.5,6,159000
367,368,101.0,9150,6,1962,TA,Gd,1099,1431,1.5,6,165000
368,369,78.0,7800,5,1954,TA,TA,1268,1268,1.0,7,132000
369,370,70.04995836802665,9830,5,1959,TA,TA,1063,1287,2.0,7,162000
370,371,70.04995836802665,8121,6,2000,TA,Gd,953,1664,2.5,7,172400
371,372,80.0,17120,4,1959,TA,,0,1588,2.0,7,134432
372,373,50.0,7175,6,1984,TA,Gd,744,752,2.0,4,125000
373,374,79.0,10634,5,1953,TA,TA,608,1319,2.0,5,123000
374,375,65.0,8200,7,2003,Gd,Gd,847,1928,2.5,8,219500
375,376,70.04995836802665,10020,1,1922,Fa,Fa,683,904,1.5,4,61000
376,377,57.0,8846,5,1996,Gd,Gd,870,914,1.0,5,148000
377,378,102.0,11143,8,2004,Gd,Gd,1580,2466,3.0,8,340000
378,379,88.0,11394,9,2010,Gd,Ex,1856,1856,2.5,8,394432
379,380,60.0,8123,6,2000,TA,Gd,982,1800,2.5,7,179000
380,381,50.0,5000,5,1924,TA,TA,1026,1691,2.0,6,127000
381,382,60.0,7200,7,2006,Gd,Gd,1293,1301,3.0,5,187750
382,383,79.0,9245,7,2006,Gd,Gd,939,1797,2.5,8,213500
383,384,60.0,9000,6,1928,TA,Fa,784,784,1.0,5,76000
384,385,70.04995836802665,53107,6,1992,Gd,Gd,1580,1953,3.5,9,240000
385,386,43.0,3182,8,2004,Gd,Gd,1256,1269,2.0,6,192000
386,387,58.0,8410,5,1910,TA,TA,658,1184,1.0,8,81000
387,388,72.0,7200,6,1976,TA,TA,1041,1125,2.0,6,125000
388,389,93.0,9382,7,1999,Gd,Gd,1468,1479,2.0,6,191000
389,390,96.0,12474,10,2007,Ex,Ex,1682,2332,3.5,9,426000
390,391,50.0,8405,5,1900,TA,TA,861,1367,2.0,7,119000
391,392,71.0,12209,6,2001,TA,Ex,804,1961,3.5,7,215000
392,393,70.04995836802665,8339,5,1959,TA,,0,882,1.0,5,106500
393,394,70.04995836802665,7446,4,1941,TA,TA,788,788,1.0,4,100000
394,395,60.0,10134,5,1940,TA,TA,735,1034,1.0,5,109000
395,396,68.0,9571,5,1956,TA,TA,1144,1144,2.0,6,129000
396,397,60.0,7200,5,1972,TA,TA,894,894,1.0,6,123000
397,398,69.0,7590,5,1962,TA,TA,864,1812,2.0,8,169500
398,399,60.0,8967,5,1920,TA,Fa,961,1077,1.0,6,67000
399,400,65.0,8125,7,2006,Gd,Gd,1092,1550,3.0,7,241000
400,401,38.0,14963,8,1996,Gd,Gd,1260,1288,2.5,4,245500
401,402,65.0,8767,7,2005,Gd,Gd,1310,1310,2.0,6,164990
402,403,60.0,10200,5,1940,TA,TA,672,672,1.0,4,108000
403,404,93.0,12090,8,1998,Gd,Gd,1141,2263,2.5,10,258000
404,405,70.04995836802665,10364,6,1995,TA,Gd,806,1572,2.5,7,168000
405,406,70.04995836802665,9991,4,1976,TA,TA,1281,1620,3.0,8,150000
406,407,51.0,10480,6,1936,TA,TA,1064,1639,1.0,6,115000
407,408,63.0,15576,6,1915,TA,Gd,840,1680,2.0,8,177000
408,409,109.0,14154,7,2006,Gd,Ex,1063,2172,2.5,9,280000
409,410,85.0,10800,8,2007,Gd,Ex,1034,2078,3.5,8,339750
410,411,68.0,9571,5,1958,TA,TA,1276,1276,1.0,5,60000
411,412,100.0,34650,5,1955,TA,TA,1056,1056,2.0,5,145000
412,413,70.04995836802665,4403,7,2009,Ex,Ex,1470,1478,3.5,7,222000
413,414,56.0,8960,5,1927,TA,TA,1008,1028,1.0,5,115000
414,415,59.0,11228,7,1993,Gd,Gd,1080,2097,3.0,9,228000
415,416,73.0,8899,7,2007,Gd,Gd,1340,1340,2.0,6,181134
416,417,74.0,7844,6,1978,TA,TA,672,1400,1.5,6,149500
417,418,86.0,22420,6,1918,TA,Gd,1370,2624,3.5,10,239000
418,419,60.0,8160,5,1940,TA,TA,756,1134,2.5,7,126000
419,420,65.0,8450,5,1968,TA,TA,1056,1056,2.0,6,142000
420,421,78.0,7060,7,1997,TA,Gd,1344,1344,4.0,8,206300
421,422,70.04995836802665,16635,6,1977,Gd,Gd,1602,1602,2.5,8,215000
422,423,100.0,21750,5,1954,TA,TA,988,988,1.0,4,113000
423,424,80.0,9200,8,1998,Gd,Gd,1470,2630,3.5,8,315000
424,425,72.0,9000,6,1956,TA,Gd,1196,1196,2.0,6,139000
425,426,60.0,3378,7,1946,TA,TA,651,1389,1.5,6,135000
426,427,70.04995836802665,12800,7,1989,Gd,Gd,1518,1644,3.5,5,275000
427,428,77.0,8593,4,1957,TA,TA,907,907,1.0,5,109008
428,429,64.0,6762,7,2007,Gd,Gd,1208,1208,3.0,6,195400
429,430,130.0,11457,6,1988,TA,Gd,1392,1412,3.0,6,175000
430,431,21.0,1680,6,1971,TA,TA,483,987,1.5,4,85400
431,432,60.0,5586,6,1920,TA,TA,901,1198,1.0,7,79900
432,433,24.0,1920,5,1971,TA,TA,765,1365,2.5,6,122500
433,434,100.0,10839,6,1997,TA,Gd,926,1604,2.5,7,181000
434,435,21.0,1890,4,1972,TA,Gd,630,630,2.0,3,81000
435,436,43.0,10667,7,1996,Gd,Gd,799,1661,3.5,6,212000
436,437,40.0,4400,6,1920,TA,Fa,648,1118,1.0,6,116000
437,438,50.0,6000,6,1926,Gd,TA,884,904,1.0,4,119000
438,439,40.0,4280,5,1913,TA,TA,440,694,1.0,4,90350
439,440,67.0,12354,6,1920,TA,TA,684,1196,1.0,7,110000
440,441,105.0,15431,10,2008,Ex,Ex,3094,2402,3.0,10,555000
441,442,92.0,12108,4,1955,TA,TA,1440,1440,2.0,8,118000
442,443,52.0,6240,5,1930,TA,TA,1078,1573,2.0,8,162900
443,444,53.0,3922,7,2006,Gd,Ex,1258,1258,2.0,6,172500
444,445,70.0,8750,7,1994,Gd,Gd,915,1908,3.5,8,210000
445,446,73.0,9855,6,1956,TA,TA,1436,1689,1.0,7,127500
446,447,137.0,16492,6,1966,Gd,TA,1517,1888,2.5,6,190000
447,448,70.04995836802665,11214,7,1998,Gd,Gd,930,1886,2.5,10,199900
448,449,50.0,8600,6,1937,TA,TA,780,1376,2.0,7,119500
449,450,50.0,6000,3,1948,TA,TA,649,1183,1.5,6,120000
450,451,70.0,5684,6,1930,TA,TA,813,813,1.0,5,110000
451,452,62.0,70761,7,1975,TA,Gd,1533,1533,3.0,5,280000
452,453,70.04995836802665,9303,6,1996,Gd,Ex,872,1756,3.5,7,204000
453,454,75.0,9000,8,2008,Gd,Gd,768,1590,2.5,6,210000
454,455,63.0,9297,5,1976,TA,TA,1728,1728,4.0,8,188000
455,456,80.0,9600,7,1973,TA,TA,1242,1242,1.5,6,175500
456,457,34.0,4571,5,1916,TA,TA,624,1344,1.0,7,98000
457,458,70.04995836802665,53227,4,1954,TA,Gd,1364,1663,2.0,6,256000
458,459,70.04995836802665,5100,8,1925,TA,TA,588,1666,1.0,7,161000
459,460,70.04995836802665,7015,5,1950,TA,TA,709,1203,2.0,5,110000
460,461,75.0,8004,8,2009,Gd,Gd,832,1935,3.5,8,263435
461,462,60.0,7200,7,1936,Gd,Gd,560,1135,2.0,6,155000
462,463,60.0,8281,5,1965,TA,TA,864,864,1.0,5,62383
463,464,74.0,11988,6,1934,TA,TA,715,1660,1.5,6,188700
464,465,60.0,8430,5,1978,TA,Gd,1040,1040,2.0,5,124000
465,466,70.04995836802665,3072,7,2004,Gd,Gd,1375,1414,2.0,6,178740
466,467,85.0,10628,7,1970,TA,TA,1277,1277,2.0,5,167000
467,468,79.0,9480,5,1942,TA,TA,728,1644,1.5,7,146500
468,469,98.0,11428,8,2006,Gd,Gd,1626,1634,2.0,7,250000
469,470,76.0,9291,6,1993,Gd,Gd,832,1710,2.5,7,187000
470,471,70.04995836802665,6820,8,1985,Gd,Gd,1488,1502,2.5,4,212000
471,472,92.0,11952,7,1977,TA,Gd,808,1969,2.5,8,190000
472,473,35.0,3675,6,2005,TA,Gd,547,1072,2.0,5,148000
473,474,110.0,14977,8,2006,Gd,Ex,1976,1976,3.0,7,440000
474,475,41.0,5330,8,2000,Gd,Gd,1494,1652,3.0,6,251000
475,476,80.0,8480,5,1963,TA,TA,970,970,2.0,5,132500
476,477,75.0,13125,6,1997,TA,Gd,1478,1493,3.0,7,208900
477,478,105.0,13693,9,2006,Ex,Gd,2153,2643,2.5,9,380000
478,479,79.0,10637,8,2007,Gd,Ex,1705,1718,3.0,7,297000
479,480,50.0,5925,4,1937,TA,Fa,907,1131,1.0,7,89471
480,481,98.0,16033,9,2004,Gd,Ex,1833,1850,3.0,8,326000
481,482,72.0,11846,9,2003,Gd,Ex,1792,1792,3.0,6,374000
482,483,50.0,2500,7,1915,Gd,TA,910,1826,2.5,7,155000
483,484,32.0,4500,6,1998,TA,Ex,1216,1216,3.0,5,164000
484,485,70.04995836802665,7758,5,1962,TA,TA,999,999,2.0,6,132500
485,486,80.0,9600,5,1950,Gd,TA,1113,1113,1.0,5,147000
486,487,79.0,10289,5,1965,TA,TA,1073,1073,2.5,6,156000
487,488,70.0,12243,5,1971,TA,Gd,1484,1484,2.0,7,175000
488,489,60.0,10800,5,1900,TA,TA,954,2414,2.0,10,160000
489,490,21.0,1526,4,1970,TA,Gd,630,630,2.0,3,86000
490,491,70.04995836802665,2665,5,1976,TA,Gd,264,1304,1.5,4,115000
491,492,79.0,9490,6,1941,TA,TA,806,1578,2.0,5,133000
492,493,105.0,15578,6,2006,Gd,Gd,728,1456,2.5,8,172785
493,494,70.0,7931,5,1960,TA,TA,1269,1269,1.5,6,155000
494,495,50.0,5784,5,1938,TA,Fa,190,886,1.0,4,91300
495,496,60.0,7879,4,1920,TA,TA,720,720,1.0,4,34900
496,497,70.04995836802665,12692,8,1992,Gd,Gd,3200,3228,4.0,10,430000
497,498,60.0,9120,7,1925,TA,TA,1026,1820,3.0,8,184000
498,499,65.0,7800,5,1967,TA,TA,864,899,1.0,5,130000
499,500,70.0,7535,5,1958,TA,TA,912,912,1.5,5,120000
500,501,21.0,1890,6,1973,TA,TA,672,1218,1.5,7,113000
501,502,75.0,9803,7,2005,Gd,Gd,866,1768,2.5,7,226700
502,503,70.0,9170,5,1965,TA,TA,1214,1214,2.0,6,140000
503,504,100.0,15602,7,1959,TA,TA,1501,1801,3.0,6,289000
504,505,24.0,2308,6,1974,TA,TA,855,1322,3.0,6,147000
505,506,60.0,7596,5,1952,TA,TA,960,1960,2.0,10,124500
506,507,80.0,9554,8,1993,Gd,Gd,777,1911,2.5,8,215000
507,508,75.0,7862,6,2009,Gd,Gd,1218,1218,2.0,4,208300
508,509,60.0,9600,7,1928,TA,TA,689,1378,2.0,7,161000
509,510,80.0,9600,5,1959,TA,TA,1041,1041,2.0,6,124500
510,511,75.0,14559,5,1951,Gd,TA,1008,1363,2.0,6,164900
511,512,40.0,6792,7,2005,Gd,Gd,1368,1368,2.0,6,202665
512,513,70.0,9100,5,1958,TA,TA,864,864,2.0,5,129900
513,514,71.0,9187,6,1983,TA,TA,1084,1080,1.5,5,134000
514,515,55.0,10594,5,1926,TA,TA,768,789,1.0,5,96500
515,516,94.0,12220,10,2009,Ex,Ex,2006,2020,3.5,9,402861
516,517,70.04995836802665,10448,6,1972,TA,TA,689,2119,2.5,7,158000
517,518,79.0,10208,7,1996,Gd,Gd,1264,2344,2.5,7,265000
518,519,70.04995836802665,9531,6,1998,TA,Gd,794,1796,3.5,7,211000
519,520,53.0,10918,7,1926,Gd,Gd,1276,2080,1.5,9,234000
520,521,60.0,10800,4,1900,TA,,0,1294,2.0,7,106250
521,522,90.0,11988,6,1957,TA,TA,1244,1244,1.5,6,150000
522,523,50.0,5000,6,1947,TA,TA,1004,1664,2.0,7,159000
523,524,130.0,40094,10,2007,Ex,Ex,3138,4676,4.5,11,184750
524,525,95.0,11787,7,1996,Gd,Gd,1379,2398,3.5,8,315750
525,526,62.0,7500,7,2005,Gd,Gd,1257,1266,2.0,6,176000
526,527,70.0,13300,5,1956,TA,Gd,928,928,1.0,4,132000
527,528,67.0,14948,9,2008,Ex,Ex,1452,2713,3.5,11,446261
528,529,58.0,9098,4,1920,TA,TA,528,605,2.0,5,86000
529,530,70.04995836802665,32668,6,1957,Gd,TA,2035,2515,4.0,9,200624
530,531,85.0,10200,6,1988,Gd,Gd,1461,1509,3.0,5,175000
531,532,60.0,6155,6,1920,TA,Fa,611,1362,2.0,6,128000
532,533,60.0,7200,5,1955,TA,,0,827,1.0,5,107500
533,534,50.0,5000,1,1946,Fa,,0,334,1.0,2,39300
534,535,74.0,9056,8,2004,Gd,Ex,707,1414,2.5,6,178000
535,536,70.0,7000,5,1910,TA,Gd,1117,1347,2.0,5,107500
536,537,57.0,8924,7,1998,TA,Gd,880,1724,2.5,8,188000
537,538,70.04995836802665,12735,4,1972,TA,TA,864,864,1.0,5,111250
538,539,70.04995836802665,11553,5,1968,TA,TA,1051,1159,1.5,7,158000
539,540,70.04995836802665,11423,8,2001,Gd,Gd,1581,1601,3.0,6,272000
540,541,85.0,14601,9,2006,Ex,Ex,1838,1838,3.0,8,315000
541,542,70.04995836802665,11000,8,2000,Gd,Gd,969,2285,2.5,8,248000
542,543,78.0,10140,7,1998,Gd,Ex,1650,1680,3.0,7,213250
543,544,34.0,4058,7,1998,TA,Gd,723,767,2.0,4,133000
544,545,58.0,17104,7,2006,Gd,Gd,654,1496,3.5,7,179665
545,546,70.04995836802665,13837,7,1988,Gd,Gd,1204,2183,2.5,9,229000
546,547,70.0,8737,6,1923,TA,Gd,1065,1635,1.5,6,210000
547,548,54.0,7244,5,1970,TA,Gd,768,768,2.0,5,129500
548,549,49.0,8235,5,1955,TA,TA,825,825,2.0,4,125000
549,550,75.0,9375,7,2003,Gd,Gd,912,2094,2.5,8,263000
550,551,53.0,4043,6,1977,TA,Gd,1069,1069,2.0,4,140000
551,552,50.0,6000,5,1957,TA,TA,928,928,1.0,5,112500
552,553,87.0,11146,8,2006,Gd,Ex,1709,1717,2.0,7,255500
553,554,67.0,8777,4,1949,TA,,0,1126,2.0,5,108000
554,555,85.0,10625,7,2003,Gd,Gd,998,2046,3.5,8,284000
555,556,58.0,6380,5,1922,TA,TA,993,1048,1.0,5,113000
556,557,69.0,14850,5,1957,TA,TA,1092,1092,2.0,6,141000
557,558,60.0,11040,4,1920,TA,TA,637,1336,1.5,7,108000
558,559,57.0,21872,7,1996,TA,Gd,729,1446,3.0,6,175000
559,560,70.04995836802665,3196,7,2003,Gd,Gd,1374,1557,2.0,7,234000
560,561,70.04995836802665,11341,5,1957,TA,Gd,1392,1392,2.5,5,121500
561,562,77.0,10010,5,1974,TA,Gd,1389,1389,2.0,6,170000
562,563,63.0,13907,5,1940,TA,TA,996,996,2.0,6,108000
563,564,66.0,21780,6,1918,TA,Gd,1163,1674,2.0,8,185000
564,565,70.04995836802665,13346,7,1992,Gd,Gd,1095,2295,3.5,9,268000
565,566,66.0,6858,6,1915,TA,Gd,806,1647,2.5,6,128000
566,567,77.0,11198,9,2005,Gd,Gd,1122,2504,2.5,11,325000
567,568,70.0,10171,7,2004,Gd,Gd,1517,1535,2.0,7,214000
568,569,79.0,12327,8,1983,Gd,Gd,1496,2132,2.5,5,316600
569,570,70.04995836802665,7032,5,1979,TA,Gd,943,943,2.0,4,135960
570,571,74.0,13101,5,1965,TA,TA,1728,1728,2.0,10,142600
571,572,60.0,7332,6,1959,TA,TA,864,864,2.0,4,120000
572,573,83.0,13159,7,2009,TA,Ex,846,1692,2.5,6,224500
573,574,76.0,9967,7,2000,TA,Gd,384,1430,2.5,8,170000
574,575,70.0,10500,5,1971,TA,TA,372,1109,1.5,5,139000
575,576,80.0,8480,5,1947,TA,TA,832,1216,1.0,6,118500
576,577,52.0,6292,7,1928,TA,TA,861,1477,2.5,6,145000
577,578,96.0,11777,5,1966,TA,TA,1164,1320,2.0,6,164500
578,579,34.0,3604,7,2007,Gd,Gd,689,1392,2.0,5,146000
579,580,81.0,12150,5,1954,TA,TA,1050,1795,2.0,7,131500
580,581,70.04995836802665,14585,6,1960,TA,TA,1144,1429,1.5,7,181900
581,582,98.0,12704,8,2008,Ex,Ex,2042,2042,2.5,8,253293
582,583,81.0,11841,6,1990,TA,Gd,816,816,2.0,5,118500
583,584,75.0,13500,10,1893,Ex,TA,1237,2775,3.5,9,325000
584,585,51.0,6120,4,1935,TA,TA,884,1573,1.0,6,133000
585,586,88.0,11443,8,2005,Gd,Ex,1868,2028,3.0,7,369900
586,587,55.0,10267,6,1918,TA,TA,816,838,2.0,5,130000
587,588,74.0,8740,5,1982,TA,TA,840,860,2.0,4,137000
588,589,65.0,25095,5,1968,TA,TA,1437,1473,3.0,5,143000
589,590,50.0,9100,5,1930,TA,TA,742,935,1.0,4,79500
590,591,64.0,8320,7,2004,Gd,Gd,770,1582,2.5,6,185900
591,592,97.0,13478,10,2008,Ex,Ex,1722,2296,3.5,10,451950
592,593,60.0,6600,5,1982,TA,TA,816,816,2.0,4,138000
593,594,70.04995836802665,4435,6,2003,Gd,Gd,848,848,2.0,4,140000
594,595,88.0,7990,5,1975,TA,Gd,924,924,1.0,5,110000
595,596,69.0,11302,8,2005,Gd,Gd,1814,1826,3.0,7,319000
596,597,60.0,3600,6,1910,TA,TA,684,1368,1.0,7,114504
597,598,53.0,3922,7,2006,Gd,Ex,1258,1402,2.0,7,194201
598,599,80.0,12984,5,1977,TA,Gd,1430,1647,3.0,7,217500
599,600,24.0,1950,6,1980,TA,Gd,716,1556,3.5,6,151000
600,601,74.0,10927,8,2005,Gd,Gd,1058,1904,3.5,8,275000
601,602,50.0,9000,6,1937,TA,TA,780,1375,1.5,6,141000
602,603,80.0,10041,8,1992,Gd,Gd,908,1915,3.5,8,220000
603,604,30.0,3182,7,2004,Gd,Gd,600,1200,2.5,4,151000
604,605,88.0,12803,7,2002,Gd,Gd,1494,1494,3.0,6,221000
605,606,85.0,13600,7,1965,TA,TA,768,1986,2.5,7,205000
606,607,82.0,12464,5,1996,TA,Gd,1040,1040,2.0,6,152000
607,608,78.0,7800,5,1948,TA,TA,896,2008,4.0,8,225000
608,609,78.0,12168,8,1934,TA,Gd,965,3194,2.5,10,359100
609,610,61.0,7943,4,1961,TA,TA,1029,1029,2.0,5,118500
610,611,70.04995836802665,11050,9,2000,Gd,Ex,1440,2153,3.5,8,313000
611,612,70.04995836802665,10395,6,1978,TA,Gd,1032,1032,2.5,6,148000
612,613,70.04995836802665,11885,8,2001,Gd,Gd,1299,1872,3.5,7,261500
613,614,70.0,8402,5,2007,TA,Gd,1120,1120,1.0,6,147000
614,615,21.0,1491,4,1972,TA,Gd,630,630,2.0,3,75500
615,616,80.0,8800,6,1963,TA,TA,936,1054,2.0,6,137500
616,617,70.04995836802665,7861,6,2002,Gd,Gd,783,1509,3.5,7,183200
617,618,59.0,7227,6,1954,TA,TA,832,832,1.0,4,105500
618,619,90.0,11694,9,2007,Ex,Ex,1822,1828,2.0,9,314813
619,620,85.0,12244,8,2003,Gd,Gd,1482,2262,3.5,10,305000
620,621,45.0,8248,3,1914,TA,TA,864,864,2.0,5,67000
621,622,90.0,10800,6,1974,TA,TA,1522,2614,2.5,9,240000
622,623,71.0,7064,5,1977,TA,TA,980,980,1.0,6,135000
623,624,70.04995836802665,2117,6,2000,Gd,Gd,756,1512,2.5,4,168500
624,625,80.0,10400,6,1972,TA,TA,732,1790,3.0,8,165150
625,626,87.0,10000,6,1962,TA,TA,1116,1116,1.5,5,160000
626,627,70.04995836802665,12342,5,1960,TA,TA,978,1422,1.0,6,139900
627,628,80.0,9600,6,1955,TA,TA,1156,1520,2.0,7,153000
628,629,70.0,11606,5,1969,TA,Gd,1040,2080,2.5,9,135000
629,630,82.0,9020,6,1964,TA,TA,1248,1350,2.5,6,168500
630,631,50.0,9000,5,1880,TA,Fa,636,1750,1.0,8,124000
631,632,34.0,4590,8,2006,Gd,Gd,1554,1554,2.0,6,209500
632,633,85.0,11900,7,1977,TA,TA,1386,1411,2.0,6,82500
633,634,80.0,9250,5,1954,TA,TA,1056,1056,1.5,6,139400
634,635,64.0,6979,6,1980,TA,TA,1056,1056,2.0,4,144000
635,636,60.0,10896,6,1914,Fa,TA,1440,3395,2.0,14,200000
636,637,51.0,6120,2,1936,Fa,TA,264,800,1.0,4,60000
637,638,50.0,6000,5,1954,TA,TA,811,1387,2.0,7,93000
638,639,67.0,8777,5,1910,TA,Fa,796,796,1.0,4,85000
639,640,53.0,3982,8,2006,Gd,Gd,1520,1567,3.0,7,264561
640,641,62.0,12677,8,2003,Ex,Ex,1518,1518,1.5,6,274000
641,642,70.04995836802665,7050,7,2001,Gd,Gd,1057,1929,3.5,7,226000
642,643,75.0,13860,8,1972,Gd,Gd,1952,2704,3.5,9,345000
643,644,80.0,10793,5,1969,TA,TA,780,1620,2.5,7,152000
644,645,85.0,9187,9,2009,Ex,Ex,1766,1766,3.5,7,370878
645,646,70.04995836802665,10530,6,1971,TA,TA,981,981,2.5,5,143250
646,647,60.0,7200,5,1950,TA,,0,1048,1.0,7,98300
647,648,85.0,10452,6,1953,TA,TA,1094,1094,1.0,5,155000
648,649,70.0,7700,6,1966,TA,TA,756,1839,1.5,7,155000
649,650,21.0,1936,4,1970,TA,Gd,630,630,2.0,3,84500
650,651,65.0,8125,7,2007,Gd,Gd,813,1665,2.5,7,205950
651,652,60.0,9084,4,1940,TA,TA,755,1510,2.0,7,108000
652,653,70.0,8750,7,1996,Gd,Gd,880,1716,2.5,7,191000
653,654,60.0,10320,6,1906,TA,TA,756,1469,1.0,7,135000
654,655,91.0,10437,8,1995,Gd,Gd,2109,2113,3.5,7,350000
655,656,21.0,1680,6,1971,TA,TA,525,1092,1.5,6,88000
656,657,72.0,10007,5,1959,Gd,TA,1053,1053,2.5,5,145500
657,658,60.0,7200,7,1931,TA,Gd,776,1502,1.5,6,149000
658,659,78.0,17503,6,1948,TA,TA,912,1458,1.5,6,97500
659,660,75.0,9937,5,1964,TA,TA,1486,1486,2.0,7,167000
660,661,70.04995836802665,12384,7,1976,TA,Gd,793,1935,2.5,7,197900
661,662,52.0,46589,8,1994,Gd,Gd,1629,2448,3.5,8,402000
662,663,120.0,13560,6,1968,TA,Fa,1392,1392,2.0,5,110000
663,664,90.0,10012,4,1972,TA,Gd,1138,1181,3.0,6,137500
664,665,49.0,20896,8,2005,Gd,Ex,2077,2097,2.5,8,423000
665,666,106.0,11194,8,2000,Gd,Gd,1406,1936,2.5,7,230500
666,667,70.04995836802665,18450,6,1965,TA,Gd,1021,2380,2.5,7,129000
667,668,65.0,8125,6,1994,TA,Gd,1408,1679,3.0,7,193500
668,669,70.04995836802665,14175,5,1956,TA,TA,1188,1437,2.5,6,168000
669,670,80.0,11600,4,1922,TA,Fa,700,1180,1.0,5,137500
670,671,64.0,8633,6,2005,Gd,Gd,738,1476,3.5,7,173500
671,672,54.0,6629,6,1925,TA,TA,672,1369,3.0,6,103600
672,673,70.04995836802665,11250,6,1977,Gd,Gd,1208,1208,2.5,6,165000
673,674,110.0,14442,6,1957,TA,TA,1477,1839,3.0,7,257500
674,675,80.0,9200,6,1965,TA,TA,1136,1136,2.0,5,140000
675,676,24.0,2289,6,1978,TA,TA,855,1441,2.5,7,148500
676,677,60.0,9600,4,1900,TA,TA,1095,1774,3.0,8,87000
677,678,52.0,9022,5,1924,Gd,TA,768,792,1.0,5,109500
678,679,80.0,11844,8,2008,Gd,Ex,2046,2046,2.5,7,372500
679,680,70.04995836802665,9945,5,1961,TA,TA,988,988,2.0,5,128500
680,681,50.0,8012,6,1980,TA,Gd,923,923,2.0,5,143000
681,682,55.0,4500,5,1932,TA,TA,793,1520,1.0,6,159434
682,683,70.04995836802665,2887,6,1996,TA,Gd,1291,1291,2.0,6,173000
683,684,90.0,11248,9,2002,Gd,Gd,1626,1668,3.0,7,285000
684,685,58.0,16770,7,1998,Gd,Gd,1195,1839,2.5,7,221000
685,686,70.04995836802665,5062,7,1984,Gd,Gd,1190,2090,3.0,6,207500
686,687,84.0,10207,7,2007,Gd,Gd,874,1761,3.0,7,227875
687,688,70.04995836802665,5105,7,2004,Gd,Gd,551,1102,2.5,4,148800
688,689,60.0,8089,8,2007,Gd,Gd,1419,1419,3.0,7,392000
689,690,61.0,7577,6,2005,Gd,Gd,1362,1362,2.0,6,194700
690,691,70.04995836802665,4426,6,2004,Gd,Gd,848,848,2.0,3,141000
691,692,104.0,21535,10,1994,Ex,Ex,2444,4316,4.0,10,755000
692,693,42.0,26178,7,1989,Gd,Gd,1210,2519,3.5,9,335000
693,694,60.0,5400,5,1921,TA,TA,1073,1073,1.0,4,108480
694,695,51.0,6120,5,1936,TA,TA,927,1539,1.5,5,141500
695,696,54.0,13811,6,1987,TA,Gd,1112,1137,3.0,5,176000
696,697,50.0,6000,5,1921,TA,TA,616,616,1.0,4,89000
697,698,57.0,6420,5,1952,TA,Ex,980,1148,1.5,6,123500
698,699,65.0,8450,5,1965,TA,TA,894,894,2.0,5,138500
699,700,59.0,4282,7,2004,Gd,Gd,1391,1391,2.0,5,196000
700,701,85.0,14331,8,2002,Gd,Ex,1800,1800,3.0,7,312500
701,702,80.0,9600,7,1969,TA,TA,1164,1164,1.5,6,140000
702,703,82.0,12438,8,2006,Ex,Ex,1234,2576,2.5,10,361919
703,704,76.0,7630,5,1900,TA,Gd,360,1812,2.0,8,140000
704,705,70.0,8400,7,2004,Gd,Gd,1473,1484,3.0,7,213000
705,706,70.0,5600,4,1930,Fa,,0,1092,2.0,7,55000
706,707,70.04995836802665,115149,7,1971,TA,Gd,1643,1824,3.0,5,302000
707,708,48.0,6240,8,2006,Gd,Gd,1324,1324,3.0,6,254000
708,709,65.0,9018,7,2007,Gd,Gd,728,1456,2.5,8,179540
709,710,70.04995836802665,7162,5,1966,TA,TA,876,904,1.0,6,109900
710,711,56.0,4130,3,1935,Gd,TA,270,729,1.0,5,52000
711,712,66.0,8712,4,1900,TA,TA,859,1178,1.0,7,102776
712,713,40.0,4671,8,1988,Gd,Gd,1228,1228,3.0,5,189000
713,714,60.0,9873,4,1970,TA,TA,960,960,2.0,6,129000
714,715,70.04995836802665,13517,6,1976,Gd,TA,725,1479,2.5,6,130500
715,716,78.0,10140,6,1974,TA,Gd,1064,1350,2.0,7,165000
716,717,60.0,10800,7,1890,TA,TA,718,2554,1.5,8,159500
717,718,80.0,10000,5,1973,TA,Gd,1176,1178,2.0,5,157000
718,719,96.0,10542,7,1993,Gd,Gd,1311,2418,3.5,9,341000
719,720,69.0,9920,5,1969,TA,Gd,971,971,1.5,5,128500
720,721,70.04995836802665,6563,8,1985,Gd,Gd,1742,1742,3.0,5,275000
721,722,70.04995836802665,4426,6,2004,Gd,Gd,848,848,2.0,3,143000
722,723,70.0,8120,4,1970,TA,TA,864,864,1.0,5,124500
723,724,60.0,8172,4,1954,TA,TA,941,1470,2.0,7,135000
724,725,86.0,13286,9,2007,Ex,Ex,1698,1698,3.0,8,320000
725,726,60.0,6960,4,1970,TA,TA,864,864,1.0,5,120500
726,727,70.04995836802665,21695,6,1988,Gd,Gd,880,1680,3.0,5,222000
727,728,64.0,7314,7,2007,Gd,Gd,1232,1232,3.0,6,194500
728,729,85.0,11475,5,1958,TA,TA,1584,1776,3.0,9,110000
729,730,52.0,6240,4,1925,TA,TA,780,1208,1.0,5,103000
730,731,39.0,5389,8,1995,Gd,Gd,1595,1616,3.0,5,236500
731,732,73.0,9590,7,2003,Gd,Ex,868,1146,3.0,6,187500
732,733,75.0,11404,7,1998,Gd,Gd,1153,2031,2.5,8,222500
733,734,80.0,10000,5,1961,TA,TA,864,1144,2.0,6,131400
734,735,70.04995836802665,8978,5,1968,TA,TA,948,948,1.0,6,108000
735,736,60.0,10800,7,1914,TA,Gd,880,1768,1.5,6,163000
736,737,60.0,8544,3,1950,TA,,0,1040,2.0,6,93500
737,738,72.0,10463,8,2005,Gd,Gd,893,1801,2.5,8,239900
738,739,60.0,10800,5,1987,TA,Gd,1200,1200,6.0,5,179000
739,740,65.0,9313,7,2004,Gd,Gd,864,1728,2.5,7,190000
740,741,60.0,9600,5,1910,TA,Fa,264,1432,2.0,7,132000
741,742,65.0,6768,6,1961,TA,TA,912,912,2.5,5,142000
742,743,65.0,8450,7,2000,TA,Gd,1349,1349,2.0,6,179000
743,744,70.0,12886,5,1963,TA,Gd,520,1464,2.5,6,175000
744,745,41.0,5395,8,1993,Gd,Gd,1337,1337,3.0,5,180000
745,746,70.04995836802665,8963,8,1976,Ex,TA,1142,2715,4.0,11,299800
746,747,70.04995836802665,8795,7,2000,Gd,Gd,952,2256,2.5,8,236000
747,748,65.0,11700,7,1880,Gd,TA,1240,2640,1.5,8,265979
748,749,59.0,10593,7,1996,Gd,Gd,1720,1720,3.0,7,260400
749,750,50.0,8405,4,1945,TA,,0,1529,2.0,9,98000
750,751,55.0,8800,4,1910,TA,TA,576,1140,1.0,7,96500
751,752,70.04995836802665,7750,7,2003,Gd,Gd,660,1320,2.5,6,162000
752,753,79.0,9236,6,1997,TA,Gd,1479,1494,3.0,6,217000
753,754,80.0,10240,8,2005,Gd,Gd,1030,2098,2.5,8,275500
754,755,61.0,7930,6,1969,TA,TA,1026,1026,2.0,5,156000
755,756,34.0,3230,6,1999,TA,Gd,729,1471,2.5,6,172500
756,757,68.0,10769,8,2007,Gd,Gd,866,1768,2.5,7,212000
757,758,70.04995836802665,11616,6,1978,TA,TA,672,1386,2.5,6,158900
758,759,24.0,2280,7,1999,TA,Gd,744,1501,2.5,6,179400
759,760,65.0,12257,8,1995,Gd,Gd,1318,2531,2.5,9,290000
760,761,70.0,9100,6,1959,TA,TA,864,864,1.0,5,127500
761,762,60.0,6911,5,1924,TA,TA,1145,1301,1.0,5,100000
762,763,72.0,8640,7,2009,TA,Gd,756,1547,2.5,7,215200
763,764,82.0,9430,8,1999,Gd,Gd,1252,2365,3.5,8,337000
764,765,30.0,9549,8,1995,Gd,Gd,1494,1494,2.5,6,270000
765,766,75.0,14587,9,2008,Gd,Gd,1498,1506,2.0,6,264132
766,767,80.0,10421,7,1988,TA,Gd,980,1714,2.5,7,196500
767,768,75.0,12508,6,1940,TA,Gd,983,1750,3.0,7,160000
768,769,70.0,9100,7,2004,Gd,Gd,1860,1836,2.0,8,216837
769,770,47.0,53504,8,2003,Ex,Gd,1650,3279,4.5,12,538000
770,771,70.04995836802665,7252,5,1982,TA,Gd,858,858,2.0,5,134900
771,772,67.0,8877,4,1951,TA,Fa,836,1220,1.0,6,102000
772,773,94.0,7819,6,1976,TA,TA,1029,1117,2.0,6,107000
773,774,70.0,10150,5,1958,TA,TA,912,912,1.0,5,114500
774,775,110.0,14226,8,2006,Gd,Gd,1935,1973,2.0,9,395000
775,776,32.0,4500,6,1998,TA,Ex,1204,1204,3.0,5,162000
776,777,86.0,11210,7,2005,Gd,Gd,1614,1614,2.0,7,221500
777,778,100.0,13350,5,1974,TA,TA,864,894,2.0,5,142500
778,779,60.0,8400,5,1977,TA,,0,2020,2.0,10,144000
779,780,78.0,10530,6,1977,TA,Gd,975,1004,2.0,4,135000
780,781,63.0,7875,7,1995,TA,Gd,1237,1253,2.0,6,176000
781,782,65.0,7153,6,1992,Gd,Gd,761,1603,2.5,7,175900
782,783,67.0,16285,7,2001,Gd,Gd,1413,1430,2.0,6,187100
783,784,70.04995836802665,9101,5,1978,TA,Gd,1097,1110,2.0,4,165500
784,785,35.0,6300,6,1914,TA,TA,742,1484,2.0,9,128000
785,786,70.04995836802665,9790,6,1967,TA,TA,1372,1342,2.0,7,161500
786,787,60.0,10800,5,1915,TA,Fa,686,1652,3.0,7,139000
787,788,76.0,10142,7,2004,Gd,Gd,956,2084,3.5,8,233000
788,789,50.0,6000,4,1954,TA,TA,901,901,1.0,4,107900
789,790,70.04995836802665,12205,6,1966,TA,TA,832,2087,2.5,9,187500
790,791,43.0,3182,7,2005,Gd,Gd,1145,1145,2.0,5,160200
791,792,70.04995836802665,11333,6,1976,TA,Gd,1029,1062,2.0,5,146800
792,793,92.0,9920,7,1996,Gd,Gd,1117,2013,3.5,8,269790
793,794,76.0,9158,8,2007,Gd,Gd,1496,1496,2.0,7,225000
794,795,70.04995836802665,10832,7,1994,Gd,Gd,712,1895,2.5,7,194500
795,796,70.0,8400,6,1980,TA,Gd,650,1564,2.5,7,171000
796,797,71.0,8197,6,1977,TA,TA,660,1285,1.5,7,143500
797,798,57.0,7677,5,1953,TA,TA,773,773,1.0,4,110000
798,799,104.0,13518,9,2008,Ex,Ex,1926,3140,3.5,11,485000
799,800,60.0,7200,5,1937,TA,Gd,731,1768,2.5,7,175000
800,801,79.0,12798,6,1997,TA,Gd,616,1688,3.5,8,200000
801,802,40.0,4800,4,1916,TA,TA,1196,1196,2.0,5,109900
802,803,63.0,8199,7,2005,Gd,Gd,728,1456,3.5,7,189000
803,804,107.0,13891,9,2008,Ex,Ex,1734,2822,3.5,12,582933
804,805,75.0,9000,5,1954,TA,TA,936,1128,1.0,5,118000
805,806,91.0,12274,7,2008,Gd,Gd,1417,1428,2.0,6,227680
806,807,75.0,9750,5,1967,TA,TA,980,980,2.0,6,135500
807,808,144.0,21384,5,1923,TA,TA,1324,1576,3.5,6,223500
808,809,85.0,13400,5,1966,TA,TA,1024,1086,2.0,6,159950
809,810,90.0,8100,5,1898,TA,TA,849,2138,2.0,11,106000
810,811,78.0,10140,6,1974,TA,TA,1040,1309,2.5,5,181000
811,812,70.04995836802665,4438,6,2004,Gd,Gd,848,848,2.0,4,144500
812,813,66.0,8712,5,1952,Fa,TA,540,1044,1.0,4,55993
813,814,75.0,9750,6,1958,TA,TA,1442,1442,1.5,7,157900
814,815,45.0,8248,5,1918,TA,TA,686,1250,2.0,7,116000
815,816,48.0,12137,7,1998,TA,Gd,1649,1661,2.0,6,224900
816,817,70.04995836802665,11425,5,1954,TA,TA,1008,1008,1.0,4,137000
817,818,70.04995836802665,13265,8,2002,Gd,Gd,1568,1689,3.0,7,271000
818,819,80.0,8816,6,1971,TA,TA,1010,1052,2.0,6,155000
819,820,44.0,6371,7,2009,Gd,Gd,1358,1358,3.0,6,224000
820,821,72.0,7226,7,2003,Gd,Gd,798,1640,2.5,6,183000
821,822,60.0,6000,4,1953,Fa,Fa,936,936,1.0,4,93000
822,823,70.04995836802665,12394,7,2003,Gd,Gd,847,1733,2.5,7,225000
823,824,60.0,9900,6,1940,TA,TA,778,1489,2.0,7,139500
824,825,81.0,11216,8,2006,Gd,Gd,1489,1489,2.0,7,232600
825,826,114.0,14803,10,2007,Ex,Ex,2078,2084,3.0,7,385000
826,827,50.0,6130,5,1924,TA,TA,784,784,2.0,5,109500
827,828,65.0,8529,7,2001,Gd,Gd,1454,1434,2.0,6,189000
828,829,70.04995836802665,28698,5,1967,TA,TA,1013,2126,3.0,7,185000
829,830,24.0,2544,7,2005,Gd,Gd,600,1223,2.5,4,147400
830,831,80.0,11900,6,1957,TA,TA,1392,1392,2.5,6,166000
831,832,30.0,3180,7,2005,TA,Gd,600,1200,2.5,4,151000
832,833,44.0,9548,7,2003,Gd,Gd,941,1829,3.5,7,237000
833,834,100.0,10004,6,1964,TA,TA,1516,1516,1.5,6,167000
834,835,75.0,7875,5,1961,TA,TA,1144,1144,2.0,6,139950
835,836,60.0,9600,4,1950,TA,Gd,1067,1067,2.0,4,128000
836,837,90.0,8100,5,1948,TA,TA,1559,1559,2.0,5,153500
837,838,21.0,1680,6,1973,TA,TA,483,987,2.5,5,100000
838,839,75.0,9525,5,1995,TA,Gd,1099,1099,1.5,6,144000
839,840,70.0,11767,5,1946,TA,TA,768,1200,1.0,6,130500
840,841,70.04995836802665,12155,6,1925,TA,TA,672,1482,2.0,7,140000
841,842,60.0,10440,5,1904,TA,TA,650,1539,2.0,8,157500
842,843,82.0,9020,6,1966,TA,TA,1127,1165,2.5,6,174900
843,844,80.0,8000,5,1961,TA,TA,1800,1800,2.0,10,141000
844,845,100.0,12665,5,1915,TA,TA,876,1416,1.5,7,153900
845,846,70.04995836802665,16647,5,1975,TA,Gd,1390,1701,3.0,6,171000
846,847,75.0,9317,7,1993,Gd,Gd,740,1775,3.5,7,213000
847,848,36.0,15523,5,1972,TA,TA,864,864,2.0,5,133500
848,849,75.0,45600,6,1908,TA,TA,907,2358,3.0,10,240000
849,850,80.0,9600,6,1976,Gd,TA,528,1855,2.5,7,187000
850,851,36.0,4435,6,2003,Gd,Gd,848,848,2.0,3,131500
851,852,70.04995836802665,3196,8,2003,Gd,Gd,1273,1456,2.0,7,215000
852,853,53.0,7128,7,1941,TA,TA,918,1646,2.0,7,164000
853,854,70.04995836802665,12095,6,1964,TA,TA,1127,1445,1.5,7,158000
854,855,102.0,17920,5,1955,TA,TA,1763,1779,2.5,6,170000
855,856,70.04995836802665,6897,5,1962,TA,TA,1040,1040,2.5,6,127000
856,857,70.04995836802665,10970,6,1978,TA,Gd,940,1026,2.0,5,147000
857,858,65.0,8125,6,1994,TA,Gd,702,1481,2.5,6,174000
858,859,80.0,10400,7,1976,TA,Gd,1090,1370,2.0,6,152000
859,860,70.04995836802665,11029,6,1968,TA,TA,1054,2654,3.5,9,250000
860,861,55.0,7642,7,1918,Gd,TA,912,1426,1.5,7,189950
861,862,75.0,11625,5,1965,TA,TA,1039,1039,2.5,6,131500
862,863,81.0,9672,6,1984,TA,Gd,1040,1097,2.0,6,152000
863,864,70.0,7931,5,1959,TA,TA,1148,1148,2.0,6,132500
864,865,72.0,8640,7,2007,Gd,Ex,1372,1372,2.0,6,250580
865,866,70.04995836802665,8750,5,1970,TA,TA,1002,1002,2.0,5,148500
866,867,67.0,10656,8,2006,Gd,Gd,1638,1646,2.0,6,248900
867,868,85.0,6970,4,1961,TA,TA,1040,1120,2.5,5,129000
868,869,70.04995836802665,14762,5,1948,TA,,0,2320,2.0,7,169000
869,870,80.0,9938,7,1993,Gd,Gd,1050,1949,3.5,8,236000
870,871,60.0,6600,5,1962,TA,TA,894,894,1.0,5,109500
871,872,70.0,8750,6,1998,TA,Gd,804,1682,2.5,7,200500
872,873,74.0,8892,5,1953,Gd,TA,105,910,1.0,5,116000
873,874,60.0,12144,5,1949,Gd,TA,832,1268,1.0,6,133000
874,875,52.0,5720,5,1941,TA,TA,676,1131,1.5,5,66500
875,876,75.0,9000,8,2007,Gd,Gd,1184,2610,2.5,11,303477
876,877,94.0,25286,4,1963,TA,TA,1064,1040,2.0,5,132250
877,878,74.0,8834,9,2004,Gd,Ex,1462,2224,3.5,10,350000
878,879,88.0,11782,5,1961,TA,TA,1109,1155,2.0,6,148000
879,880,70.04995836802665,7000,5,1978,Gd,TA,864,864,2.0,6,136500
880,881,60.0,7024,5,2005,TA,Ex,1090,1090,2.5,5,157000
881,882,44.0,13758,7,1990,Gd,Gd,1156,1717,2.5,7,187500
882,883,70.04995836802665,9636,6,1992,TA,Gd,808,1593,2.5,7,178000
883,884,60.0,6204,4,1912,Gd,TA,795,2230,2.0,10,118500
884,885,65.0,7150,5,1967,TA,TA,892,892,1.0,5,100000
885,886,50.0,5119,9,1999,Gd,Ex,1698,1709,3.0,5,328900
886,887,70.0,8393,5,1959,TA,TA,1626,1712,2.0,8,145000
887,888,59.0,16466,5,1955,TA,TA,816,1393,1.5,8,135500
888,889,95.0,15865,8,1970,Gd,TA,2217,2217,3.0,8,268000
889,890,128.0,12160,6,1953,TA,TA,1505,1505,2.0,6,149500
890,891,60.0,8064,5,1949,TA,TA,672,924,1.0,6,122900
891,892,70.0,11184,6,1978,TA,TA,918,1683,2.5,7,172500
892,893,70.0,8414,6,1963,TA,TA,1059,1068,1.5,6,154500
893,894,70.04995836802665,13284,5,1954,TA,Gd,1383,1383,2.0,6,165000
894,895,64.0,7018,5,1979,TA,,0,1535,2.0,8,118858
895,896,71.0,7056,6,1963,TA,TA,780,1796,2.5,8,140000
896,897,50.0,8765,4,1936,TA,TA,951,951,1.0,6,106500
897,898,64.0,7018,5,1979,TA,,0,2240,2.0,12,142953
898,899,100.0,12919,9,2009,Ex,Ex,2330,2364,3.5,11,611657
899,900,65.0,6993,5,1961,TA,TA,912,1236,1.0,6,135000
900,901,70.04995836802665,7340,4,1971,TA,TA,858,858,1.0,4,110000
901,902,64.0,8712,5,1957,TA,TA,992,1306,2.0,5,153000
902,903,63.0,7875,7,2003,Gd,Gd,783,1509,2.5,8,180000
903,904,50.0,14859,7,2006,Gd,Gd,1670,1670,2.0,7,240000
904,905,70.04995836802665,6173,5,1967,TA,TA,876,902,1.0,6,125500
905,906,80.0,9920,5,1954,TA,TA,1056,1063,2.0,6,128000
906,907,116.0,13501,8,2006,Gd,Gd,1623,1636,3.0,8,255000
907,908,86.0,11500,7,1936,Gd,Gd,1017,2057,1.5,6,250000
908,909,70.04995836802665,8885,5,1983,TA,Gd,864,902,2.0,5,131000
909,910,149.0,12589,6,2005,Gd,Gd,742,1484,2.5,8,174000
910,911,80.0,11600,5,1960,TA,TA,1105,2274,2.0,12,154300
911,912,70.04995836802665,9286,5,1977,TA,Gd,1268,1268,1.5,5,143500
912,913,51.0,6120,5,1925,TA,TA,768,1015,1.0,6,88000
913,914,82.0,6270,5,1949,TA,TA,1001,2002,2.0,8,145000
914,915,30.0,3000,6,2009,Gd,Gd,612,1224,2.5,4,173733
915,916,21.0,2001,4,1970,TA,TA,546,1092,1.5,6,75000
916,917,50.0,9000,2,1949,TA,TA,480,480,1.0,4,35311
917,918,70.04995836802665,17140,4,1956,TA,TA,1134,1229,1.0,6,135000
918,919,103.0,13125,7,1991,Gd,Ex,1104,2127,3.5,8,238000
919,920,87.0,11029,6,1958,Ex,Gd,1184,1414,2.0,6,176500
920,921,70.0,8462,6,1994,Gd,Gd,928,1721,3.0,7,201000
921,922,67.0,8777,5,1900,TA,TA,1272,2200,5.0,9,145900
922,923,65.0,10237,6,2005,Gd,Gd,1316,1316,2.0,6,169990
923,924,50.0,8012,6,1993,Gd,Gd,1604,1617,3.0,5,193000
924,925,79.0,10240,6,1980,TA,Gd,1686,1686,3.0,7,207500
925,926,70.04995836802665,15611,5,1977,TA,Gd,1126,1126,2.5,6,175000
926,927,93.0,11999,8,2003,Gd,Gd,1181,2374,2.5,10,285000
927,928,70.04995836802665,9900,7,1968,TA,TA,832,1978,2.5,9,176000
928,929,70.04995836802665,11838,8,2001,Gd,Gd,1753,1788,2.0,7,236500
929,930,70.04995836802665,13006,7,1997,TA,Gd,964,2236,2.5,8,222000
930,931,73.0,8925,8,2007,Gd,Gd,1466,1466,2.0,7,201000
931,932,70.0,9100,5,1965,TA,TA,925,925,1.5,5,117500
932,933,84.0,11670,9,2006,Ex,Ex,1905,1905,2.0,8,320000
933,934,63.0,8487,7,2004,Gd,Gd,1500,1500,2.0,6,190000
934,935,313.0,27650,7,1960,TA,Gd,585,2069,3.0,9,242000
935,936,52.0,5825,4,1926,TA,Fa,600,747,1.0,5,79900
936,937,67.0,10083,7,2003,Gd,Gd,1176,1200,3.0,5,184900
937,938,75.0,9675,7,2005,Gd,Gd,1113,1971,2.5,8,253000
938,939,73.0,8760,7,2006,Gd,Gd,1391,1962,2.5,7,239799
939,940,70.04995836802665,24090,7,1940,TA,TA,1032,2403,2.0,10,244400
940,941,55.0,12640,6,1976,TA,TA,1728,1728,2.0,8,150900
941,942,70.04995836802665,8755,7,1999,Gd,Gd,992,2060,3.5,8,214000
942,943,42.0,7711,4,1977,TA,Gd,1440,1440,4.0,8,150000
943,944,100.0,25000,5,1967,TA,TA,1632,1632,2.0,8,143000
944,945,70.04995836802665,14375,6,1958,TA,TA,819,1344,1.5,7,137500
945,946,98.0,8820,5,1890,TA,TA,1088,1869,1.0,7,124900
946,947,70.0,8163,5,1959,TA,TA,1144,1144,2.0,6,143000
947,948,85.0,14536,8,2002,Gd,Gd,1616,1629,3.0,9,270000
948,949,65.0,14006,7,2002,Gd,Gd,936,1776,2.5,7,192500
949,950,78.0,9360,6,1972,TA,TA,1161,1381,2.5,5,197500
950,951,60.0,7200,5,1950,TA,TA,864,864,2.0,5,129000
951,952,60.0,7800,5,1965,TA,TA,828,965,2.0,6,119900
952,953,60.0,7200,5,1972,TA,Gd,768,768,1.5,5,133900
953,954,70.04995836802665,11075,5,1969,TA,TA,784,1968,3.0,7,172000
954,955,35.0,9400,6,1975,TA,Gd,945,980,3.0,4,127500
955,956,82.0,7136,6,1946,TA,Gd,979,1958,2.0,8,145000
956,957,24.0,1300,6,1980,TA,Gd,561,1229,1.5,5,124000
957,958,70.0,7420,5,1962,TA,TA,1057,1057,1.0,6,132000
958,959,65.0,8450,7,2003,Gd,Gd,1337,1337,3.0,6,185000
959,960,24.0,2572,7,1999,Gd,Gd,696,1416,3.5,6,155000
960,961,50.0,7207,5,1958,TA,TA,858,858,2.0,4,116500
961,962,70.04995836802665,12227,6,1977,TA,Gd,1330,2872,3.5,11,272000
962,963,24.0,2308,6,1976,TA,Gd,804,1548,3.5,7,155000
963,964,122.0,11923,9,2007,Gd,Ex,1800,1800,2.0,7,239000
964,965,80.0,11316,7,2002,Gd,Gd,817,1894,3.5,8,214900
965,966,65.0,10237,6,2005,Gd,Gd,783,1484,2.5,8,178900
966,967,130.0,9600,5,1940,Gd,TA,728,1308,2.5,7,160000
967,968,70.04995836802665,7390,5,1955,TA,TA,1098,1098,2.0,6,135000
968,969,50.0,5925,3,1910,TA,TA,600,968,1.0,6,37900
969,970,75.0,10382,6,1958,TA,TA,588,1095,2.0,6,140000
970,971,60.0,10800,4,1949,TA,TA,720,1192,1.5,6,135000
971,972,36.0,2268,7,2003,Gd,Gd,764,1626,2.0,6,173000
972,973,55.0,7892,6,1979,TA,Gd,918,918,2.0,5,99500
973,974,95.0,11639,7,2007,Gd,Gd,1428,1428,2.0,6,182000
974,975,60.0,11414,7,1910,TA,Gd,728,2019,1.0,8,167500
975,976,70.04995836802665,2651,7,2000,Gd,Gd,673,1382,3.5,6,165000
976,977,51.0,5900,4,1923,TA,Gd,440,869,1.0,4,85500
977,978,35.0,4274,7,2006,Gd,Gd,1241,1241,2.5,4,199900
978,979,68.0,9450,4,1954,TA,TA,894,894,1.0,5,110000
979,980,80.0,8816,5,1963,TA,TA,1121,1121,2.0,5,139000
980,981,70.04995836802665,12122,7,1961,Ex,TA,944,999,2.0,6,178400
981,982,98.0,12203,8,1998,Gd,Gd,1225,2612,3.5,8,336000
982,983,43.0,3182,7,2007,Gd,Gd,1266,1266,2.0,6,159895
983,984,70.04995836802665,11250,8,2002,Gd,Gd,1128,2290,2.5,9,255900
984,985,75.0,10125,5,1977,TA,,0,1734,2.0,8,126000
985,986,68.0,10880,5,1950,TA,TA,1164,1164,2.0,5,125000
986,987,59.0,5310,6,1910,TA,TA,485,1635,1.0,5,117000
987,988,83.0,10159,9,2009,Ex,Ex,1930,1940,3.5,8,395192
988,989,70.04995836802665,12046,6,1976,TA,TA,848,2030,2.5,8,195000
989,990,65.0,8125,7,2006,Gd,Gd,770,1576,2.5,6,197000
990,991,82.0,9452,8,1997,Gd,Gd,1396,2392,3.5,7,348000
991,992,121.0,17671,8,1882,Gd,TA,916,1742,1.5,8,168000
992,993,80.0,9760,6,1964,TA,TA,822,1851,2.5,7,187000
993,994,68.0,8846,6,2005,TA,Gd,750,1500,2.5,6,173900
994,995,96.0,12456,10,2006,Ex,Ex,1700,1718,3.0,7,337500
995,996,51.0,4712,4,1946,TA,TA,747,1230,2.5,5,121600
996,997,70.04995836802665,10659,5,1961,TA,TA,1050,1050,2.0,6,136500
997,998,70.04995836802665,11717,6,1970,TA,TA,1442,1442,2.0,6,185000
998,999,60.0,9786,3,1922,TA,TA,1007,1077,1.0,6,91000
999,1000,64.0,6762,7,2006,Gd,Gd,1187,1208,3.0,6,206000
1000,1001,74.0,10206,3,1952,TA,,0,944,1.0,4,82000
1001,1002,60.0,5400,5,1920,TA,Fa,691,691,1.0,4,86000
1002,1003,75.0,11957,8,2006,Gd,Gd,1574,1574,2.0,7,232000
1003,1004,70.04995836802665,11500,5,1976,TA,TA,1680,1680,2.0,8,136905
1004,1005,43.0,3182,7,2005,Gd,Gd,1346,1504,2.0,7,181000
1005,1006,65.0,8385,5,1977,Gd,Gd,985,985,2.0,6,149900
1006,1007,70.04995836802665,12155,6,1970,TA,Gd,1657,1657,2.5,7,163500
1007,1008,21.0,2217,4,1970,TA,TA,546,1092,1.5,6,88000
1008,1009,43.0,12118,7,2004,Gd,Ex,1710,1710,2.0,7,240000
1009,1010,60.0,6000,5,1926,TA,TA,1008,1522,2.0,7,102000
1010,1011,115.0,21286,5,1948,TA,TA,720,1271,2.0,7,135000
1011,1012,75.0,9825,5,1965,TA,,0,1664,2.0,8,100000
1012,1013,55.0,10592,6,1923,TA,TA,602,1502,1.5,7,165000
1013,1014,60.0,7200,5,1910,TA,TA,1022,1022,2.0,4,85000
1014,1015,60.0,11664,6,1948,TA,TA,1082,1082,1.0,5,119200
1015,1016,70.0,8400,8,2001,Gd,Gd,810,1665,3.5,6,227000
1016,1017,73.0,11883,7,1996,Gd,Gd,1504,1504,3.0,6,203000
1017,1018,70.04995836802665,5814,8,1984,Gd,Gd,1220,1360,2.0,4,187500
1018,1019,70.04995836802665,10784,7,1991,Gd,Gd,384,1472,2.5,7,160000
1019,1020,43.0,3013,7,2005,Gd,Gd,1362,1506,2.0,6,213490
1020,1021,60.0,7024,4,2005,TA,Gd,1132,1132,2.5,5,176000
1021,1022,64.0,7406,7,2006,Gd,Gd,1199,1220,3.0,6,194000
1022,1023,52.0,9439,5,1930,TA,TA,912,1248,1.0,6,87000
1023,1024,43.0,3182,7,2005,Gd,Gd,1346,1504,2.0,7,191000
1024,1025,70.04995836802665,15498,8,1976,Gd,Gd,1565,2898,3.0,10,287000
1025,1026,70.0,7700,5,1972,TA,TA,882,882,2.0,5,112500
1026,1027,73.0,9300,5,1960,TA,TA,1268,1264,2.0,6,167500
1027,1028,71.0,9520,8,2007,Gd,Gd,1638,1646,3.0,7,293077
1028,1029,79.0,9492,5,1941,TA,TA,768,1376,2.0,6,105000
1029,1030,21.0,1680,6,1972,TA,TA,672,1218,2.0,7,118000
1030,1031,70.04995836802665,7082,5,1916,TA,TA,686,1928,2.0,10,160000
1031,1032,102.0,15863,7,1920,TA,TA,824,3082,3.5,12,197000
1032,1033,70.04995836802665,14541,8,1993,Gd,Gd,1338,2520,3.5,10,310000
1033,1034,70.04995836802665,8125,7,2002,Gd,Gd,1654,1654,3.0,6,230000
1034,1035,50.0,6305,5,1938,TA,Fa,920,954,1.0,5,119750
1035,1036,70.04995836802665,11500,4,1957,TA,,0,845,1.0,5,84000
1036,1037,89.0,12898,9,2007,Gd,Ex,1620,1620,3.0,6,315500
1037,1038,70.04995836802665,9240,8,2001,Gd,Gd,1055,2263,2.5,7,287000
1038,1039,21.0,1533,4,1970,TA,TA,546,1344,1.5,6,97000
1039,1040,21.0,1477,4,1970,TA,Gd,630,630,2.0,3,80000
1040,1041,88.0,13125,5,1957,TA,TA,1134,1803,3.0,8,155000
1041,1042,70.04995836802665,9130,6,1966,TA,TA,800,1632,2.0,7,173000
1042,1043,34.0,5381,6,2005,Gd,Gd,1306,1306,3.0,5,196000
1043,1044,86.0,11839,7,1990,TA,Gd,1475,2329,3.5,10,262280
1044,1045,80.0,9600,8,1981,Gd,Gd,2524,2524,3.5,9,278000
1045,1046,70.04995836802665,13680,3,1955,TA,,0,1733,2.0,8,139600
1046,1047,85.0,16056,9,2005,Gd,Ex,1992,2868,3.5,11,556581
1047,1048,57.0,9245,5,1994,TA,Gd,990,990,1.5,5,145000
1048,1049,100.0,21750,5,1960,TA,,0,1771,1.0,9,115000
1049,1050,60.0,11100,4,1946,TA,,0,930,1.0,6,84900
1050,1051,73.0,8993,7,2007,Gd,Gd,1302,1302,2.0,6,176485
1051,1052,103.0,11175,7,2007,Gd,Gd,1316,1316,2.0,6,200141
1052,1053,100.0,9500,6,1964,TA,TA,816,1977,2.0,9,165000
1053,1054,68.0,8562,5,1957,TA,TA,1216,1526,1.0,7,144500
1054,1055,90.0,11367,8,2002,Gd,Gd,1065,1989,3.5,7,255000
1055,1056,104.0,11361,6,1976,TA,Gd,1193,1523,2.5,7,180000
1056,1057,43.0,7052,7,2005,Gd,Gd,1364,1364,3.0,6,185850
1057,1058,70.04995836802665,29959,7,1994,Gd,Gd,973,1850,2.5,7,248000
1058,1059,96.0,11308,9,2008,Ex,Ex,1104,2184,3.5,10,335000
1059,1060,70.04995836802665,11275,6,1932,TA,TA,854,1991,1.5,7,220000
1060,1061,41.0,4920,8,2001,Gd,Gd,1338,1338,3.0,6,213500
1061,1062,120.0,18000,3,1935,Fa,TA,894,894,1.0,6,81000
1062,1063,85.0,13600,5,1900,TA,TA,662,2337,2.0,10,90000
1063,1064,50.0,6000,6,1925,TA,TA,1103,1103,1.0,5,110500
1064,1065,70.04995836802665,11000,5,1966,TA,TA,1154,1154,1.5,6,154000
1065,1066,80.0,14000,7,1996,Gd,Ex,1306,2260,3.5,7,328000
1066,1067,59.0,7837,6,1993,Gd,Gd,799,1571,2.5,7,178000
1067,1068,80.0,9760,6,1964,TA,TA,780,1611,2.5,7,167900
1068,1069,42.0,3964,6,1973,TA,Gd,942,2521,3.5,10,151400
1069,1070,60.0,9600,5,1949,TA,TA,845,893,1.5,4,135000
1070,1071,72.0,10152,5,1956,TA,TA,1048,1048,2.0,6,135000
1071,1072,78.0,11700,6,1968,TA,TA,727,1556,1.5,8,154000
1072,1073,50.0,7585,5,1948,TA,Fa,810,1456,2.5,7,91500
1073,1074,75.0,7950,6,1977,TA,TA,690,1426,1.5,6,159500
1074,1075,74.0,8556,7,2006,Gd,Gd,1240,1240,2.0,5,194000
1075,1076,75.0,13125,7,1940,TA,TA,800,1740,1.5,6,219500
1076,1077,60.0,10800,5,1936,TA,Fa,796,1466,2.5,7,170000
1077,1078,70.04995836802665,15870,5,1969,TA,TA,1096,1096,2.0,6,138800
1078,1079,37.0,4435,6,2004,Gd,Gd,848,848,2.0,3,155900
1079,1080,65.0,8775,5,1994,TA,Gd,990,990,1.0,5,126000
1080,1081,80.0,11040,6,1971,Gd,TA,1258,1258,2.5,5,145000
1081,1082,75.0,7500,5,1963,TA,TA,1040,1040,2.5,5,133000
1082,1083,70.0,8749,7,2002,Gd,Gd,1459,1459,2.0,6,192000
1083,1084,80.0,8800,6,1964,TA,TA,1251,1251,2.0,6,160000
1084,1085,70.04995836802665,13031,6,1995,TA,Gd,691,1498,2.5,6,187500
1085,1086,73.0,9069,6,1992,TA,Gd,936,996,2.0,5,147000
1086,1087,70.04995836802665,1974,4,1973,TA,TA,546,1092,1.5,6,83500
1087,1088,85.0,10574,8,2005,Gd,Gd,1082,1953,2.5,9,252000
1088,1089,24.0,2522,7,2004,Gd,Gd,970,1709,2.0,7,137500
1089,1090,37.0,3316,8,2005,Gd,Gd,1247,1247,2.5,4,197000
1090,1091,60.0,8544,3,1950,TA,,0,1040,2.0,6,92900
1091,1092,24.0,2160,7,1999,Gd,Gd,600,1252,3.5,4,160000
1092,1093,60.0,8400,6,1925,TA,TA,1181,1694,2.0,7,136500
1093,1094,71.0,9230,5,1965,TA,TA,864,1200,2.5,6,146000
1094,1095,74.0,5868,5,1956,TA,TA,936,936,2.0,4,129000
1095,1096,78.0,9317,6,2006,Gd,Gd,1314,1314,2.0,6,176432
1096,1097,60.0,6882,6,1914,TA,TA,684,1355,1.5,7,127000
1097,1098,70.04995836802665,3696,8,1986,Gd,Gd,1074,1088,1.5,5,170000
1098,1099,50.0,6000,4,1936,TA,TA,672,1324,1.0,6,128000
1099,1100,82.0,11880,7,1978,TA,Gd,1271,1601,2.0,7,157000
1100,1101,60.0,8400,2,1920,TA,TA,290,438,1.0,3,60000
1101,1102,61.0,9758,5,1971,TA,TA,950,950,1.0,5,119500
1102,1103,70.0,7000,5,1960,TA,TA,1010,1134,1.0,6,135000
1103,1104,79.0,8910,6,1959,TA,TA,655,1194,1.5,6,159500
1104,1105,24.0,2016,5,1970,TA,TA,630,1302,2.5,6,106000
1105,1106,98.0,12256,8,1994,Gd,Ex,1463,2622,3.5,9,325000
1106,1107,114.0,10357,7,1990,Gd,Gd,910,1442,3.0,6,179900
1107,1108,168.0,23257,7,2006,Gd,Ex,868,2021,2.5,9,274725
1108,1109,70.04995836802665,8063,6,2000,TA,Gd,924,1690,2.5,7,181000
1109,1110,107.0,11362,8,2004,Gd,Ex,1836,1836,3.0,7,280000
1110,1111,70.04995836802665,8000,6,1995,TA,Gd,773,1658,3.5,8,188000
1111,1112,80.0,10480,7,1976,TA,TA,803,1964,2.5,8,205000
1112,1113,73.0,7100,5,1957,TA,TA,816,816,2.0,5,129900
1113,1114,66.0,8923,5,1953,TA,TA,1008,1008,2.0,6,134500
1114,1115,90.0,5400,5,1954,TA,TA,833,833,1.0,4,117000
1115,1116,93.0,12085,8,2007,Gd,Ex,1734,1734,3.0,7,318000
1116,1117,70.04995836802665,7750,8,2002,Gd,Gd,408,1419,3.5,7,184100
1117,1118,57.0,9764,5,1967,TA,TA,894,894,2.0,5,130000
1118,1119,85.0,13825,5,1958,TA,TA,533,1601,1.5,6,140000
1119,1120,70.0,7560,5,1959,TA,TA,1040,1040,1.0,6,133700
1120,1121,59.0,8263,6,1920,TA,TA,1012,1012,1.0,6,118400
1121,1122,84.0,10084,7,2005,Gd,Gd,1552,1552,2.0,7,212900
1122,1123,70.04995836802665,8926,4,1956,TA,TA,672,960,1.0,5,112000
1123,1124,50.0,9405,5,1947,TA,TA,698,698,1.5,4,118000
1124,1125,70.04995836802665,9125,7,1992,TA,Gd,384,1482,2.5,7,163900
1125,1126,60.0,10434,4,1955,TA,TA,1005,1005,1.0,5,115000
1126,1127,53.0,3684,7,2007,Gd,Gd,1373,1555,2.0,7,174000
1127,1128,182.0,14572,7,2004,Gd,Gd,1530,1530,3.0,7,259000
1128,1129,59.0,11796,7,2004,Gd,Gd,847,1959,2.5,8,215000
1129,1130,60.0,7200,5,1980,TA,Gd,936,936,2.0,4,140000
1130,1131,65.0,7804,4,1928,TA,TA,1122,1981,3.0,7,135000
1131,1132,63.0,10712,5,1991,TA,Gd,974,974,1.0,5,93500
1132,1133,90.0,9900,6,1880,TA,TA,1008,2210,2.0,8,117500
1133,1134,80.0,9828,8,1995,Gd,Gd,1128,2020,2.5,8,239500
1134,1135,57.0,8773,6,1997,TA,Gd,916,1600,2.5,7,169000
1135,1136,60.0,6180,6,1926,TA,TA,960,986,1.0,5,102000
1136,1137,80.0,9600,6,1950,TA,TA,1032,1252,1.0,6,119000
1137,1138,54.0,6342,5,1875,TA,TA,780,1020,1.0,6,94000
1138,1139,70.04995836802665,9819,6,1977,TA,TA,1567,1567,3.0,5,196000
1139,1140,98.0,8731,5,1920,TA,TA,915,1167,1.0,6,144000
1140,1141,60.0,7350,5,1951,TA,TA,952,952,2.0,4,139000
1141,1142,70.04995836802665,10304,5,1976,TA,TA,780,1868,3.5,9,197500
1142,1143,77.0,9965,8,2006,Gd,Ex,1466,2828,4.0,11,424870
1143,1144,70.04995836802665,9000,5,1959,TA,TA,1006,1006,1.0,5,80000
1144,1145,60.0,12180,4,1941,TA,Gd,672,924,2.0,5,80000
1145,1146,52.0,6240,5,1928,TA,TA,1042,1576,1.0,8,149000
1146,1147,70.04995836802665,11200,6,1985,Gd,Gd,1298,1298,3.0,5,180000
1147,1148,75.0,12000,7,1941,TA,TA,704,1564,1.5,7,174500
1148,1149,70.04995836802665,5700,7,1926,TA,TA,572,1111,1.0,5,116900
1149,1150,50.0,9000,7,1920,TA,TA,650,1482,1.5,7,143000
1150,1151,57.0,8280,6,1950,TA,TA,932,932,1.0,4,124000
1151,1152,134.0,17755,5,1959,TA,TA,1466,1466,1.5,6,149900
1152,1153,90.0,14115,6,1956,TA,TA,1073,1811,1.0,6,230000
1153,1154,70.04995836802665,5890,6,1930,Gd,TA,816,816,1.0,5,120500
1154,1155,70.04995836802665,13700,7,1965,TA,TA,864,1820,2.0,8,201800
1155,1156,90.0,10768,5,1976,Gd,Gd,1437,1437,3.0,6,218000
1156,1157,85.0,9350,5,1965,TA,TA,1219,1265,2.5,6,179900
1157,1158,34.0,5001,7,2007,Gd,Gd,1314,1314,3.0,6,230000
1158,1159,92.0,11932,8,2007,Gd,Gd,1580,1580,2.0,7,235128
1159,1160,76.0,9120,6,1974,Gd,TA,901,1876,2.5,8,185000
1160,1161,24.0,2280,6,1978,TA,Gd,855,1456,2.5,7,146000
1161,1162,70.04995836802665,14778,6,1954,Gd,TA,1296,1640,2.0,7,224000
1162,1163,109.0,8724,5,1968,TA,Gd,894,894,1.0,5,129000
1163,1164,60.0,12900,4,1969,TA,Gd,1198,1258,3.0,6,108959
1164,1165,70.04995836802665,16157,5,1978,TA,Gd,1360,1432,2.5,5,194000
1165,1166,79.0,9541,7,2009,Gd,Gd,1502,1502,2.0,7,233170
1166,1167,64.0,10475,8,2008,Gd,Gd,1694,1694,2.0,7,245350
1167,1168,58.0,10852,6,2000,TA,Gd,959,1671,3.5,7,173000
1168,1169,120.0,13728,6,1935,TA,TA,1127,2108,2.0,7,235000
1169,1170,118.0,35760,10,1995,Gd,Ex,1930,3627,4.5,10,625000
1170,1171,76.0,9880,6,1977,TA,TA,1096,1118,2.0,6,171000
1171,1172,76.0,9120,6,1958,TA,TA,1261,1261,2.0,6,163000
1172,1173,35.0,4017,7,2006,Gd,Gd,625,1250,2.5,5,171900
1173,1174,138.0,18030,5,1946,TA,TA,1598,3086,3.0,12,200500
1174,1175,80.0,16560,6,1932,TA,Gd,952,2345,2.5,9,239000
1175,1176,85.0,10678,8,1992,Gd,Gd,1683,2872,2.5,9,285000
1176,1177,37.0,6951,5,1984,TA,TA,876,923,2.0,5,119500
1177,1178,70.04995836802665,3950,6,1926,TA,TA,818,1224,1.0,5,115000
1178,1179,54.0,7681,5,1921,TA,TA,731,1343,1.5,7,154900
1179,1180,77.0,8335,5,1954,TA,,0,1124,1.0,5,93000
1180,1181,70.04995836802665,11170,7,1990,TA,Gd,1216,2514,2.5,8,250000
1181,1182,64.0,5587,8,2008,Ex,Ex,1600,1652,3.5,5,392500
1182,1183,160.0,15623,10,1996,Gd,Ex,2396,4476,4.5,10,745000
1183,1184,60.0,10800,5,1920,TA,TA,1120,1130,2.0,5,120000
1184,1185,50.0,35133,5,1963,TA,TA,1572,1572,2.5,5,186700
1185,1186,60.0,9738,5,1924,TA,TA,784,1221,2.0,7,104900
1186,1187,107.0,10615,3,1900,TA,Fa,978,1699,3.0,7,95000
1187,1188,89.0,12461,8,1994,Gd,Gd,1624,1624,3.0,5,262000
1188,1189,68.0,8935,7,2002,Gd,Gd,831,1660,2.5,7,195000
1189,1190,60.0,7500,7,1999,TA,TA,994,1804,2.5,7,189000
1190,1191,70.04995836802665,32463,4,1961,TA,TA,1249,1622,2.0,7,168000
1191,1192,24.0,2645,8,1999,Gd,Gd,776,1441,2.5,5,174000
1192,1193,60.0,9600,5,1925,TA,TA,702,1472,1.0,6,125000
1193,1194,70.04995836802665,4500,6,1999,TA,Ex,1224,1224,3.0,5,165000
1194,1195,80.0,9364,6,1969,TA,TA,663,1352,1.5,7,158000
1195,1196,51.0,8029,6,2005,TA,Gd,728,1456,2.5,8,176000
1196,1197,58.0,14054,7,2006,Gd,Gd,879,1863,2.5,9,219210
1197,1198,65.0,8850,7,1916,TA,TA,815,1690,1.0,7,144000
1198,1199,70.0,9100,7,2001,Gd,Gd,1212,1212,2.0,6,178000
1199,1200,75.0,11235,4,1963,TA,TA,1051,1382,1.5,6,148000
1200,1201,71.0,9353,4,1970,TA,TA,864,864,1.0,5,116050
1201,1202,80.0,10400,7,1998,TA,Gd,866,1779,2.5,6,197900
1202,1203,50.0,6000,5,1925,TA,TA,884,1348,2.0,5,117000
1203,1204,75.0,9750,7,2000,Gd,Gd,1630,1630,2.0,6,213000
1204,1205,78.0,10140,5,1975,TA,Gd,1056,1074,2.5,6,153500
1205,1206,90.0,14684,7,1990,Gd,Gd,2158,2196,2.0,7,271900
1206,1207,70.04995836802665,8900,4,1966,TA,TA,1056,1056,2.0,5,107000
1207,1208,70.0,9135,6,2003,Gd,Gd,1682,1700,3.0,7,200000
1208,1209,70.0,7763,5,1962,TA,TA,931,1283,2.0,6,140000
1209,1210,85.0,10182,8,2006,Gd,Ex,1660,1660,3.0,8,290000
1210,1211,70.0,11218,6,1992,Gd,Gd,1055,1845,2.5,8,189000
1211,1212,152.0,12134,8,1988,Gd,Gd,559,1752,2.0,8,164000
1212,1213,50.0,9340,4,1941,TA,TA,672,672,2.0,4,113000
1213,1214,70.04995836802665,10246,4,1965,TA,TA,648,960,1.5,3,145000
1214,1215,69.0,10205,5,1962,TA,TA,925,999,2.0,6,134500
1215,1216,99.0,7094,5,1966,TA,TA,894,894,1.0,5,125000
1216,1217,68.0,8930,6,1978,TA,,0,1902,2.0,8,112000
1217,1218,72.0,8640,8,2009,Gd,Gd,1300,1314,3.0,6,229456
1218,1219,52.0,6240,4,1947,TA,,0,912,1.0,3,80500
1219,1220,21.0,1680,6,1971,TA,TA,672,1218,1.5,7,91500
1220,1221,66.0,7800,5,1964,TA,TA,912,912,1.0,5,115000
1221,1222,55.0,8250,5,1968,TA,TA,952,1211,1.0,5,134000
1222,1223,78.0,10496,6,1949,TA,TA,1040,1846,2.0,7,143000
1223,1224,89.0,10680,5,1951,TA,TA,2136,2136,2.0,7,137900
1224,1225,60.0,15384,7,2004,Gd,Gd,788,1490,3.5,8,184000
1225,1226,65.0,10482,6,1958,TA,TA,588,1138,1.5,6,145000
1226,1227,86.0,14598,6,2007,Gd,Gd,894,1933,2.5,9,214000
1227,1228,72.0,8872,5,1965,TA,TA,912,912,2.0,5,147000
1228,1229,65.0,8769,9,2008,Ex,Ex,1702,1702,2.5,7,367294
1229,1230,70.0,7910,5,1960,TA,TA,1075,1507,2.0,7,127000
1230,1231,70.04995836802665,18890,5,1977,TA,Gd,1361,2620,3.0,12,190000
1231,1232,70.0,7728,5,1962,TA,TA,1106,1190,2.0,6,132500
1232,1233,70.0,9842,4,1962,TA,,0,1224,2.0,6,101800
1233,1234,70.04995836802665,12160,5,1959,TA,TA,1188,1188,2.0,6,142000
1234,1235,55.0,8525,5,1911,TA,TA,940,1964,1.5,7,130000
1235,1236,96.0,13132,5,1914,TA,Gd,747,1784,1.5,9,138887
1236,1237,36.0,2628,7,2003,Gd,Gd,764,1626,2.5,6,175500
1237,1238,41.0,12393,7,2004,Gd,Gd,847,1948,2.5,8,195000
1238,1239,63.0,13072,6,2005,Gd,Gd,1141,1141,1.5,6,142500
1239,1240,64.0,9037,8,2006,Gd,Gd,1476,1484,2.0,6,265900
1240,1241,65.0,8158,7,2003,Gd,Gd,884,1768,3.5,8,224900
1241,1242,83.0,9849,7,2007,Gd,Gd,1689,1689,2.0,7,248328
1242,1243,85.0,10625,7,1974,TA,Gd,1053,1173,3.0,6,170000
1243,1244,107.0,13891,10,2006,Ex,Ex,2076,2076,3.5,7,465000
1244,1245,70.04995836802665,11435,8,1929,TA,Gd,792,1517,1.0,7,230000
1245,1246,78.0,12090,6,1984,TA,Gd,585,1868,3.5,7,178000
1246,1247,65.0,8125,7,2005,Gd,Gd,756,1553,2.5,6,186500
1247,1248,70.04995836802665,12328,6,1976,TA,TA,1012,1034,2.0,6,169900
1248,1249,60.0,9600,6,1917,TA,Gd,735,2058,1.5,8,129500
1249,1250,60.0,7200,5,1950,TA,TA,876,988,1.0,6,119000
1250,1251,93.0,11160,7,1968,Gd,TA,2110,2110,3.5,8,244000
1251,1252,70.04995836802665,3136,7,2003,Gd,Gd,1405,1405,2.0,6,171750
1252,1253,62.0,9858,5,1968,TA,TA,864,874,2.0,5,130000
1253,1254,70.04995836802665,17542,7,1974,Gd,TA,1192,2167,3.5,9,294000
1254,1255,60.0,6931,7,2003,Gd,Gd,746,1656,2.5,7,165400
1255,1256,52.0,6240,6,1931,TA,TA,884,1367,1.0,6,127500
1256,1257,91.0,14303,8,1994,Gd,Gd,1986,1987,3.0,7,301500
1257,1258,56.0,4060,5,1922,TA,Fa,864,864,1.0,4,99900
1258,1259,59.0,9587,7,2005,Gd,Gd,856,1166,3.0,5,190000
1259,1260,65.0,9750,6,1969,TA,Gd,1054,1054,2.5,6,151000
1260,1261,70.04995836802665,24682,6,1999,TA,Gd,841,1675,2.5,7,181000
1261,1262,80.0,9600,5,1956,TA,TA,1050,1050,1.0,5,128900
1262,1263,70.04995836802665,11250,4,1957,TA,TA,1104,1788,2.0,8,161500
1263,1264,60.0,13515,6,1919,TA,TA,764,1824,1.0,8,180500
1264,1265,34.0,4060,6,1998,Gd,Gd,1405,1337,3.0,5,181000
1265,1266,35.0,3735,7,1999,Gd,Gd,691,1452,3.5,6,183900
1266,1267,60.0,10120,7,1910,Fa,TA,925,1889,1.5,9,122000
1267,1268,89.0,13214,9,2008,Ex,Ex,2002,2018,2.0,10,378500
1268,1269,70.04995836802665,14100,8,1935,TA,TA,728,3447,3.5,11,381000
1269,1270,78.0,11344,5,1958,TA,TA,874,1524,1.5,7,144000
1270,1271,70.04995836802665,23595,7,1979,Gd,Gd,1332,1524,2.5,4,260000
1271,1272,70.04995836802665,9156,6,1968,TA,TA,1489,1489,2.0,7,185750
1272,1273,70.04995836802665,13526,5,1965,TA,TA,935,935,2.0,5,137000
1273,1274,124.0,11512,6,1959,TA,TA,1019,1357,2.0,5,177000
1274,1275,53.0,5362,5,1910,TA,TA,661,1250,2.0,8,139000
1275,1276,95.0,11345,5,1948,TA,TA,928,1920,2.0,10,137000
1276,1277,70.04995836802665,12936,6,1972,TA,TA,723,1395,2.0,6,162000
1277,1278,70.04995836802665,17871,6,1967,TA,Gd,1680,1724,2.5,7,197900
1278,1279,75.0,9473,8,2002,Gd,Gd,1128,2031,3.5,7,237000
1279,1280,60.0,7500,4,1920,TA,TA,698,1128,1.0,6,68400
1280,1281,67.0,9808,7,2002,Gd,Gd,1573,1573,3.0,6,227000
1281,1282,50.0,8049,7,1990,TA,Gd,1309,1339,3.0,6,180000
1282,1283,61.0,8800,5,1977,TA,Gd,1040,1040,2.0,5,150500
1283,1284,94.0,9400,6,1971,TA,TA,912,1824,3.0,8,139000
1284,1285,50.0,9638,6,1919,TA,TA,804,2447,2.0,10,169000
1285,1286,50.0,6000,6,1939,TA,TA,780,1412,1.0,6,132500
1286,1287,70.04995836802665,9790,6,1963,TA,TA,1328,1328,2.5,6,143000
1287,1288,70.04995836802665,36500,5,1964,TA,TA,1624,1582,2.5,7,190000
1288,1289,40.0,5664,8,2000,Gd,Gd,1501,1659,3.0,5,278000
1289,1290,86.0,11065,8,2006,Gd,Gd,1085,1970,2.5,8,281000
1290,1291,70.04995836802665,14112,5,1964,TA,TA,1152,1152,2.0,6,180500
1291,1292,21.0,1680,5,1972,TA,TA,630,1302,2.5,6,119500
1292,1293,60.0,6600,5,1892,TA,TA,994,2372,2.0,11,107500
1293,1294,78.0,10140,7,1976,TA,Gd,832,1664,2.5,8,162900
1294,1295,60.0,8172,5,1955,TA,TA,864,864,2.0,5,115000
1295,1296,70.0,8400,5,1968,TA,TA,1052,1052,2.5,5,138500
1296,1297,80.0,8700,5,1963,TA,TA,1120,1128,3.0,6,155000
1297,1298,35.0,3675,6,2005,TA,Gd,547,1072,3.0,5,140000
1298,1299,313.0,63887,10,2008,Ex,Ex,6110,5642,4.5,12,160000
1299,1300,75.0,7500,5,1959,TA,TA,1246,1246,2.5,6,154000
1300,1301,70.04995836802665,10762,7,1999,Gd,Gd,978,1983,2.5,9,225000
1301,1302,70.04995836802665,7500,6,1942,TA,TA,771,1494,1.0,7,177500
1302,1303,92.0,10120,8,1994,Gd,Gd,1165,2526,3.5,8,290000
1303,1304,73.0,8688,7,2005,Gd,Gd,1616,1616,2.0,7,232000
1304,1305,32.0,3363,7,2004,Gd,Gd,976,1708,2.0,7,130000
1305,1306,108.0,13173,9,2006,Gd,Ex,1652,1652,3.0,6,325000
1306,1307,48.0,6955,7,2005,Gd,Gd,1368,1368,2.0,6,202500
1307,1308,60.0,8072,5,1994,TA,Gd,990,990,2.0,5,138000
1308,1309,100.0,12000,5,1948,TA,TA,924,1122,2.0,6,147000
1309,1310,70.04995836802665,7153,6,1991,TA,Gd,1278,1294,3.0,6,179200
1310,1311,100.0,17500,7,1959,Gd,Gd,1902,1902,3.0,7,335000
1311,1312,68.0,8814,7,2005,Gd,Gd,1274,1274,3.0,6,203000
1312,1313,70.04995836802665,9572,8,1990,Gd,Ex,1453,2810,2.5,9,302000
1313,1314,108.0,14774,9,1999,Gd,Gd,1393,2599,2.5,10,333168
1314,1315,60.0,8190,4,1954,TA,TA,948,948,2.0,5,119000
1315,1316,85.0,11075,6,1969,TA,Fa,952,2112,2.5,9,206900
1316,1317,61.0,10226,8,2008,Gd,Ex,1622,1630,3.0,8,295493
1317,1318,47.0,4230,7,2006,Gd,Ex,1352,1352,2.0,5,208900
1318,1319,70.04995836802665,14781,8,2001,Gd,Gd,1753,1787,2.0,7,275000
1319,1320,75.0,10215,4,1954,TA,TA,864,948,1.0,5,111000
1320,1321,70.0,8400,6,1957,TA,TA,1478,1478,2.5,6,156500
1321,1322,70.04995836802665,6627,3,1949,TA,,0,720,1.0,4,72500
1322,1323,107.0,10186,7,1992,Gd,Gd,750,1923,3.5,8,190000
1323,1324,50.0,5330,4,1940,Fa,TA,420,708,1.0,5,82500
1324,1325,75.0,9986,8,2006,Gd,Ex,1795,1795,2.0,7,147000
1325,1326,40.0,3636,4,1922,TA,TA,796,796,1.0,5,55000
1326,1327,70.0,4270,3,1931,TA,TA,544,774,1.0,6,79000
1327,1328,60.0,6600,5,1982,Gd,TA,816,816,1.5,5,130500
1328,1329,60.0,10440,6,1920,Gd,Gd,1510,2792,2.0,8,256000
1329,1330,63.0,9084,7,1998,TA,Gd,935,1632,2.5,8,176500
1330,1331,85.0,10000,8,2006,Gd,Gd,1588,1588,2.0,7,227000
1331,1332,55.0,10780,5,1976,TA,TA,911,954,1.0,6,132500
1332,1333,67.0,8877,4,1938,TA,TA,816,816,2.0,3,100000
1333,1334,60.0,7200,5,1938,TA,TA,803,1360,1.5,6,125500
1334,1335,24.0,2368,5,1970,TA,TA,765,1365,1.5,7,125000
1335,1336,80.0,9650,6,1977,TA,Gd,1350,1334,2.5,6,167900
1336,1337,87.0,9246,5,1973,TA,TA,1656,1656,2.0,8,135000
1337,1338,153.0,4118,4,1941,TA,TA,693,693,1.0,4,52500
1338,1339,95.0,13450,7,2002,Gd,Gd,916,1861,3.5,8,200000
1339,1340,120.0,9560,5,1972,TA,TA,864,864,1.0,5,128500
1340,1341,70.0,8294,4,1971,TA,TA,858,872,1.0,5,123000
1341,1342,66.0,13695,6,2003,TA,Gd,1114,1114,2.0,6,155000
1342,1343,70.04995836802665,9375,8,2002,Gd,Gd,1284,2169,2.5,7,228500
1343,1344,57.0,7558,6,1928,TA,TA,896,1913,1.5,9,177000
1344,1345,85.0,11103,7,2006,Gd,Gd,728,1456,2.5,8,155835
1345,1346,50.0,6000,4,1920,TA,TA,960,960,1.0,5,108500
1346,1347,70.04995836802665,20781,7,1968,TA,TA,1568,2156,2.0,9,262500
1347,1348,93.0,15306,8,2006,Gd,Ex,1732,1776,3.0,7,283463
1348,1349,70.04995836802665,16196,7,1998,Gd,Gd,1482,1494,3.0,5,215000
1349,1350,50.0,5250,8,1872,TA,TA,684,2358,2.0,8,122000
1350,1351,91.0,11643,5,1969,TA,TA,1248,2634,4.5,12,200000
1351,1352,70.0,9247,6,1962,TA,TA,858,1716,1.5,8,171000
1352,1353,50.0,6000,6,1937,Gd,TA,698,1176,1.0,4,134900
1353,1354,56.0,14720,8,1995,Gd,Gd,2033,3238,3.5,9,410000
1354,1355,70.04995836802665,10316,7,2000,Gd,Gd,992,1865,3.5,7,235000
1355,1356,102.0,10192,7,1968,TA,TA,570,1920,3.0,8,170000
1356,1357,70.04995836802665,9477,5,1966,TA,TA,864,892,1.0,5,110000
1357,1358,70.04995836802665,12537,5,1971,TA,TA,1078,1078,2.5,6,149900
1358,1359,70.04995836802665,2117,6,2000,Gd,Gd,756,1573,2.5,5,177500
1359,1360,129.0,16737,9,2004,Gd,Ex,1980,1980,3.0,8,315000
1360,1361,51.0,9842,5,1921,TA,TA,612,2601,3.5,8,189000
1361,1362,124.0,16158,7,2005,Gd,Ex,1530,1530,3.0,7,260000
1362,1363,70.04995836802665,12513,4,1920,TA,TA,715,1738,2.0,7,104900
1363,1364,73.0,8499,6,2006,TA,Gd,616,1412,2.5,6,156932
1364,1365,30.0,3180,7,2005,Gd,Gd,600,1200,2.5,4,144152
1365,1366,70.04995836802665,7500,7,2000,Gd,Gd,814,1674,3.5,7,216000
1366,1367,68.0,9179,7,1999,Gd,Gd,873,1790,3.5,7,193000
1367,1368,41.0,2665,5,1977,TA,TA,757,1475,2.0,6,127000
1368,1369,70.04995836802665,4435,6,2003,Gd,Gd,848,848,2.0,4,144000
1369,1370,48.0,10635,8,2003,Gd,Gd,1657,1668,3.0,8,232000
1370,1371,90.0,5400,4,1920,Fa,TA,840,1374,1.0,6,105000
1371,1372,80.0,9600,6,1955,TA,TA,992,1661,2.0,8,165500
1372,1373,75.0,9750,7,1998,TA,Gd,1108,2097,3.5,8,274300
1373,1374,70.04995836802665,11400,10,2001,Ex,Ex,2633,2633,3.5,8,466500
1374,1375,85.0,10625,7,2005,Gd,Gd,1026,1958,2.5,9,250000
1375,1376,89.0,10991,8,2007,Gd,Gd,1571,1571,2.0,7,239000
1376,1377,52.0,6292,6,1930,TA,Gd,768,790,1.0,4,91000
1377,1378,60.0,10998,5,1941,TA,TA,984,1604,2.0,6,117000
1378,1379,21.0,1953,6,1973,TA,TA,483,987,1.5,5,83000
1379,1380,73.0,9735,5,2006,TA,Gd,384,1394,2.5,7,167500
1380,1381,45.0,8212,3,1914,TA,TA,864,864,2.0,5,58500
1381,1382,70.04995836802665,12925,6,1970,TA,TA,1205,2117,2.5,7,237500
1382,1383,60.0,7200,7,1920,TA,Fa,596,1762,2.5,8,157000
1383,1384,70.04995836802665,25339,5,1918,TA,TA,816,1416,2.0,7,112000
1384,1385,60.0,9060,6,1939,TA,TA,560,1258,1.0,6,105000
1385,1386,40.0,5436,4,1922,TA,TA,796,1154,2.0,7,125500
1386,1387,80.0,16692,7,1978,TA,Gd,1392,2784,4.5,12,250000
1387,1388,60.0,8520,6,1916,TA,TA,714,2526,2.0,10,136000
1388,1389,42.0,14892,9,2006,Ex,Ex,1746,1746,3.0,7,377500
1389,1390,60.0,6000,6,1941,TA,TA,735,1218,1.5,6,131000
1390,1391,70.0,9100,7,2000,Gd,Gd,1525,1525,3.0,6,235000
1391,1392,65.0,8944,5,1967,TA,TA,1584,1584,2.0,8,124000
1392,1393,68.0,7838,5,1967,TA,TA,864,900,2.0,6,123000
1393,1394,60.0,10800,6,1905,TA,Fa,482,1912,2.0,7,163000
1394,1395,53.0,4045,7,2006,Gd,Gd,1356,1500,3.0,6,246578
1395,1396,88.0,12665,8,2005,Gd,Gd,1094,2482,2.5,9,281213
1396,1397,70.04995836802665,57200,5,1948,TA,TA,747,1687,2.0,7,160000
1397,1398,51.0,6120,5,1920,TA,TA,939,1513,1.5,8,137500
1398,1399,60.0,7200,5,1950,TA,TA,1208,1904,2.5,7,138000
1399,1400,51.0,6171,6,1925,TA,TA,976,1608,2.5,7,137450
1400,1401,50.0,6000,6,1929,TA,TA,862,1158,1.0,5,120000
1401,1402,62.0,7415,6,2004,TA,TA,839,1593,3.5,8,193000
1402,1403,64.0,6762,7,2006,Gd,Gd,1286,1294,2.0,6,193879
1403,1404,49.0,15256,8,2007,Gd,Gd,1485,1464,3.0,6,282922
1404,1405,60.0,10410,3,1915,TA,TA,672,1214,1.0,6,105000
1405,1406,44.0,3842,8,2004,Gd,Ex,1594,1646,3.5,5,275000
1406,1407,70.0,8445,5,1972,TA,Gd,768,768,2.0,5,133000
1407,1408,70.04995836802665,8780,5,1985,TA,TA,833,833,2.0,5,112000
1408,1409,60.0,7740,4,1910,TA,Fa,622,1363,1.0,6,125500
1409,1410,46.0,20544,7,1986,TA,Gd,791,2093,2.5,7,215000
1410,1411,79.0,12420,7,2001,Gd,Gd,944,1840,3.5,6,230000
1411,1412,80.0,9600,6,1950,TA,TA,856,1668,1.5,6,140000
1412,1413,60.0,7200,4,1949,TA,,0,1040,2.0,6,90000
1413,1414,88.0,10994,8,2005,Gd,Gd,1844,1844,3.0,7,257000
1414,1415,64.0,13053,6,1923,TA,TA,833,1848,1.5,8,207000
1415,1416,51.0,3635,7,2007,Gd,Gd,1386,1569,2.5,7,175900
1416,1417,60.0,11340,4,1885,TA,TA,777,2290,2.0,11,122500
1417,1418,70.04995836802665,16545,8,1998,Gd,Gd,1284,2450,3.5,7,340000
1418,1419,71.0,9204,5,1963,TA,TA,1144,1144,2.5,6,124000
1419,1420,70.04995836802665,16381,6,1969,Gd,TA,1844,1844,3.0,7,223000
1420,1421,90.0,11700,6,1968,TA,TA,708,1416,2.5,7,179900
1421,1422,53.0,4043,6,1977,TA,Gd,1069,1069,2.0,4,127500
1422,1423,37.0,4435,6,2003,Gd,Gd,848,848,2.0,3,136500
1423,1424,70.04995836802665,19690,6,1966,Gd,Gd,697,2201,2.0,8,274970
1424,1425,70.04995836802665,9503,5,1958,TA,TA,1024,1344,2.0,6,144000
1425,1426,80.0,10721,6,1959,Gd,TA,1252,1252,1.0,7,142000
1426,1427,81.0,10944,7,1994,Gd,Gd,1223,2127,3.5,5,271000
1427,1428,60.0,10930,5,1945,TA,TA,913,1558,2.5,6,140000
1428,1429,60.0,7200,5,1940,TA,TA,788,804,2.0,4,119000
1429,1430,70.04995836802665,12546,6,1981,Gd,Gd,1440,1440,2.0,7,182900
1430,1431,60.0,21930,5,2005,Gd,Gd,732,1838,2.5,7,192140
1431,1432,70.04995836802665,4928,6,1976,TA,Gd,958,958,2.0,5,143750
1432,1433,60.0,10800,4,1927,TA,TA,656,968,2.0,5,64500
1433,1434,93.0,10261,6,2000,TA,Gd,936,1792,3.5,8,186500
1434,1435,80.0,17400,5,1977,TA,TA,1126,1126,3.0,5,160000
1435,1436,80.0,8400,6,1962,Gd,TA,1319,1537,2.5,7,174000
1436,1437,60.0,9000,4,1971,TA,TA,864,864,1.0,5,120500
1437,1438,96.0,12444,8,2008,Ex,Ex,1932,1932,3.0,7,394617
1438,1439,90.0,7407,6,1957,TA,TA,912,1236,2.0,6,149700
1439,1440,80.0,11584,7,1979,TA,TA,539,1725,2.5,6,197000
1440,1441,79.0,11526,6,1922,TA,Ex,588,2555,2.0,11,191000
1441,1442,70.04995836802665,4426,6,2004,Gd,Gd,848,848,2.0,3,149300
1442,1443,85.0,11003,10,2008,Ex,Ex,1017,2007,3.5,10,310000
1443,1444,70.04995836802665,8854,6,1916,TA,TA,952,952,1.0,4,121000
1444,1445,63.0,8500,7,2004,Gd,Gd,1422,1422,2.0,7,179600
1445,1446,70.0,8400,6,1966,TA,TA,814,913,2.0,6,129000
1446,1447,70.04995836802665,26142,5,1962,TA,TA,1188,1188,1.0,6,157900
1447,1448,80.0,10000,8,1995,Gd,Gd,1220,2090,3.5,8,240000
1448,1449,70.0,11767,4,1910,TA,Fa,560,1346,1.5,6,112000
1449,1450,21.0,1533,5,1970,TA,Gd,630,630,2.0,3,92000
1450,1451,60.0,9000,5,1974,TA,Gd,896,1792,3.0,8,136000
1451,1452,78.0,9262,8,2008,Gd,Gd,1573,1578,2.0,7,287090
1452,1453,35.0,3675,5,2005,TA,Gd,547,1072,2.0,5,145000
1453,1454,90.0,17217,5,2006,TA,Gd,1140,1140,1.0,6,84500
1454,1455,62.0,7500,7,2004,Gd,Gd,1221,1221,3.0,6,185000
1455,1456,62.0,7917,6,1999,TA,Gd,953,1647,2.5,7,175000
1456,1457,85.0,13175,6,1978,TA,Gd,1542,2073,3.0,7,210000
1457,1458,66.0,9042,7,1941,Ex,TA,1152,2340,2.0,9,266500
1458,1459,68.0,9717,5,1950,TA,TA,1078,1078,2.0,5,142125
1459,1460,75.0,9937,5,1965,Gd,TA,1256,1256,2.5,6,147500
